SET FOREIGN_KEY_CHECKS = 0;
INSERT INTO `privilege` (`id`,`name`,`action`,`is_active`,`note`) VALUES
(1,'usergroup','create',1,'Dapat menambahkan usergroup baru beserta privilege nya'),
(2,'usergroup','update',1,'Dapat memperbaharui usergroup yang ada beserta privilege nya'),
(3,'usergroup','delete',1,'Dapat menghapus usergroup yang ada '),
(4,'usergroup','view',1,'Dapat melihat data usergroup'),
(5,'user','create',1,'Dapat mendaftarkan user baru,'),
(6,'user','update',1,'Dapat memperbaharui user yang ada'),
(7,'user','privilege',1,'Dapat melihat dan memperbaharui privilege user yang ada'),
(8,'user','activate',1,'Dapat mengaktif/non-aktifkan user yang ada'),
(9,'user','view',1,'Dapat melihat data user yang ada beserta privilege nya');

INSERT INTO `user` (`id`, `username`, `password`, `name`, `is_active`, `is_superuser`) VALUES
('1', 'su', '$2a$10$E4YuDqPaPAbMfNKl75Pm7uifHhZxbDyVz0kFIQVv8ZFXVa7NnFRu2', 'Super User', '1', '1');

INSERT INTO `app_config` ( `attribute`, `value`) VALUES
('app_name', 'Gudang.id'),
('company', 'PT. Qasico Teknologi Indonesia'),
('address', 'Green Lake City Ruko Sentra Niaga K-17, RT.7/RW.8, Duri Kosambi, DKI Jakarta, Daerah Khusus Ibukota Jakarta 11750'),
('logo', '');

INSERT INTO `warehouse` (`id`, `code`, `name`, `note`) VALUES
(1,	'MW',	'Main Warehouse',	NULL);

INSERT INTO `warehouse_area` (`id`, `warehouse_id`, `type`, `code`, `name`, `is_active`, `note`) VALUES
(1,	1, 'storage',	'A',	'Area A',	1,	''),
(2,	1, 'storage',	'B',	'Area B',	1,	''),
(3,	1, 'storage',	'C',	'Area C',	1,	''),
(4,	1, 'storage',	'D',	'Area D',	1,	''),
(5,	1, 'storage',	'E',	'Area E',	1,	''),
(6,	1, 'storage',	'F',	'Area F',	1,	''),
(7,	1, 'storage',	'G',	'Area G',	1,	''),
(8,	1, 'storage',	'H',	'Area H',	1,	''),
(9,	1, 'storage',	'I',	'Area I',	1,	''),
(10,	1, 'storage',	'J',	'Area J',	1,	''),
(11,	1, 'storage',	'K',	'Area K',	1,	''),
(12,	1, 'storage',	'L',	'Area L',	1,	''),
(13,	1, 'storage',	'M',	'Area M',	1,	''),
(14,	1, 'storage',	'N',	'Area N',	1,	''),
(15,	1, 'storage',	'O',	'Area O',	1,	''),
(16,	1, 'preparation',	'P',	'Area P',	1,	'Preparation Area'),
(17,	1, 'preparation',	'Q',	'Area Q',	1,	'Preparation Area'),
(18,	1, 'preparation',	'R',	'Area R',	1,	'Preparation Area'),
(19,	1, 'receiving',	'RC1',	'Area RC1',	1,	'Receiving Area'),
(20,	1, 'receiving',	'RC2',	'Area RC2',	1,	'Receiving Area'),
(21,	1, 'receiving',	'RC3',	'Area RC3',	1,	'Receiving Area'),
(22,	1, 'receiving',	'RC4',	'Area RC4',	1,	'Receiving Area'),
(23,	1, 'other',	'EP',	'EP',	1,	'');

INSERT INTO `warehouse_location` (`id`, `warehouse_area_id`, `code`, `name`, `is_active`, `coordinate_x`, `coordinate_y`, `coordinate_w`, `coordinate_h`, `storage_capacity`, `storage_used`, `note`) VALUES
(1,	1,	'0',	'A-0',	1,	0,	1200,	30,	24,	4,	0,	NULL),
(2,	1,	'1',	'A-1',	1,	40,	1200,	30,	24,	4,	0,	NULL),
(3,	1,	'2',	'A-2',	1,	75,	1200,	30,	24,	4,	0,	NULL),
(4,	1,	'3',	'A-3',	1,	115,	1200,	30,	24,	4,	0,	NULL),
(5,	1,	'4',	'A-4',	1,	150,	1200,	30,	24,	4,	0,	NULL),
(6,	1,	'5',	'A-5',	1,	190,	1200,	30,	24,	4,	0,	NULL),
(7,	1,	'6',	'A-6',	1,	225,	1200,	30,	24,	4,	0,	NULL),
(8,	1,	'7',	'A-7',	1,	265,	1200,	30,	24,	4,	0,	NULL),
(9,	1,	'8',	'A-8',	1,	300,	1200,	30,	24,	4,	0,	NULL),
(10,	1,	'9',	'A-9',	1,	340,	1200,	30,	24,	4,	0,	NULL),
(11,	1,	'10',	'A-10',	1,	375,	1200,	30,	24,	4,	0,	NULL),
(12,	1,	'11',	'A-11',	1,	415,	1200,	30,	24,	4,	0,	NULL),
(13,	1,	'12',	'A-12',	1,	450,	1200,	30,	24,	4,	0,	NULL),
(14,	1,	'13',	'A-13',	1,	490,	1200,	30,	24,	4,	0,	NULL),
(15,	1,	'14',	'A-14',	1,	525,	1200,	30,	24,	4,	0,	NULL),
(16,	1,	'15',	'A-15',	1,	565,	1200,	30,	24,	4,	0,	NULL),
(17,	1,	'16',	'A-16',	1,	600,	1200,	30,	24,	4,	0,	NULL),
(18,	1,	'17',	'A-17',	1,	640,	1200,	30,	24,	4,	0,	NULL),
(19,	1,	'18',	'A-18',	1,	675,	1200,	30,	24,	4,	0,	NULL),
(20,	1,	'19',	'A-19',	1,	715,	1200,	30,	24,	4,	0,	NULL),
(21,	1,	'20',	'A-20',	1,	750,	1200,	30,	24,	4,	0,	NULL),
(22,	1,	'21',	'A-21',	1,	790,	1200,	30,	24,	4,	0,	NULL),
(23,	1,	'22',	'A-22',	1,	825,	1200,	30,	24,	4,	0,	NULL),
(24,	1,	'23',	'A-23',	1,	865,	1200,	30,	24,	4,	0,	NULL),
(25,	1,	'24',	'A-24',	1,	900,	1200,	30,	24,	4,	0,	NULL),
(26,	1,	'25',	'A-25',	1,	940,	1200,	30,	24,	4,	0,	NULL),
(27,	1,	'26',	'A-26',	1,	975,	1200,	30,	24,	4,	0,	NULL),
(28,	1,	'27',	'A-27',	1,	1015,	1200,	30,	24,	4,	0,	NULL),
(29,	1,	'28',	'A-28',	1,	1050,	1200,	30,	24,	4,	0,	NULL),
(30,	1,	'29',	'A-29',	1,	1090,	1200,	30,	24,	4,	0,	NULL),
(31,	1,	'30',	'A-30',	1,	1125,	1200,	30,	24,	4,	0,	NULL),
(32,	1,	'31',	'A-31',	1,	1165,	1200,	30,	24,	4,	0,	NULL),
(33,	1,	'32',	'A-32',	1,	1200,	1200,	30,	24,	4,	0,	NULL),
(34,	1,	'33',	'A-33',	1,	1240,	1200,	30,	24,	4,	0,	NULL),
(35,	1,	'34',	'A-34',	1,	1275,	1200,	30,	24,	4,	0,	NULL),
(36,	1,	'35',	'A-35',	1,	1315,	1200,	30,	24,	4,	0,	NULL),
(37,	1,	'36',	'A-36',	1,	1350,	1200,	30,	24,	4,	0,	NULL),
(38,	1,	'37',	'A-37',	1,	1390,	1200,	30,	24,	4,	0,	NULL),
(39,	1,	'38',	'A-38',	1,	1425,	1200,	30,	24,	4,	0,	NULL),
(40,	1,	'39',	'A-39',	1,	1465,	1200,	30,	24,	4,	0,	NULL),
(41,	1,	'40',	'A-40',	1,	1500,	1200,	30,	24,	4,	0,	NULL),
(42,	1,	'41',	'A-41',	1,	1540,	1200,	30,	24,	4,	0,	NULL),
(43,	1,	'42',	'A-42',	1,	1575,	1200,	30,	24,	4,	0,	NULL),
(44,	1,	'43',	'A-43',	1,	1615,	1200,	30,	24,	4,	0,	NULL),
(45,	1,	'44',	'A-44',	1,	1650,	1200,	30,	24,	4,	0,	NULL),
(46,	1,	'45',	'A-45',	1,	1690,	1200,	30,	24,	4,	0,	NULL),
(47,	1,	'46',	'A-46',	1,	1725,	1200,	30,	24,	4,	0,	NULL),
(48,	1,	'47',	'A-47',	1,	1765,	1200,	30,	24,	4,	0,	NULL),
(49,	1,	'48',	'A-48',	1,	1800,	1200,	30,	24,	4,	0,	NULL),
(50,	1,	'49',	'A-49',	1,	1840,	1200,	30,	24,	4,	0,	NULL),
(51,	1,	'50',	'A-50',	1,	1875,	1200,	30,	24,	4,	0,	NULL),
(52,	1,	'51',	'A-51',	1,	1915,	1200,	30,	24,	4,	0,	NULL),
(53,	1,	'52',	'A-52',	1,	1950,	1200,	30,	24,	4,	0,	NULL),
(54,	1,	'53',	'A-53',	1,	1990,	1200,	30,	24,	4,	0,	NULL),
(55,	1,	'54',	'A-54',	1,	2025,	1200,	30,	24,	4,	0,	NULL),
(56,	1,	'55',	'A-55',	1,	2065,	1200,	30,	24,	4,	0,	NULL),
(57,	1,	'56',	'A-56',	1,	2100,	1200,	30,	24,	4,	0,	NULL),
(58,	1,	'57',	'A-57',	1,	2140,	1200,	30,	24,	4,	0,	NULL),
(59,	1,	'58',	'A-58',	1,	2175,	1200,	30,	24,	4,	0,	NULL),
(60,	1,	'59',	'A-59',	1,	2215,	1200,	30,	24,	4,	0,	NULL),
(61,	1,	'60',	'A-60',	1,	2250,	1200,	30,	24,	4,	0,	NULL),
(62,	1,	'61',	'A-61',	1,	2290,	1200,	30,	24,	4,	0,	NULL),
(63,	1,	'62',	'A-62',	1,	2325,	1200,	30,	24,	4,	0,	NULL),
(64,	1,	'63',	'A-63',	1,	2365,	1200,	30,	24,	4,	0,	NULL),
(65,	1,	'64',	'A-64',	1,	2400,	1200,	30,	24,	4,	0,	NULL),
(66,	1,	'65',	'A-65',	1,	2440,	1200,	30,	24,	4,	0,	NULL),
(67,	1,	'66',	'A-66',	1,	2475,	1200,	30,	24,	4,	0,	NULL),
(68,	1,	'67',	'A-67',	1,	2515,	1200,	30,	24,	4,	0,	NULL),
(69,	1,	'68',	'A-68',	1,	2550,	1200,	30,	24,	4,	0,	NULL),
(70,	1,	'69',	'A-69',	1,	2590,	1200,	30,	24,	4,	0,	NULL),
(71,	1,	'70',	'A-70',	1,	2625,	1200,	30,	24,	4,	0,	NULL),
(72,	1,	'71',	'A-71',	1,	2665,	1200,	30,	24,	4,	0,	NULL),
(73,	1,	'72',	'A-72',	1,	2700,	1200,	30,	24,	4,	0,	NULL),
(74,	1,	'73',	'A-73',	1,	2740,	1200,	30,	24,	4,	0,	NULL),
(75,	1,	'74',	'A-74',	1,	2775,	1200,	30,	24,	4,	0,	NULL),
(76,	1,	'75',	'A-75',	1,	2815,	1200,	30,	24,	4,	0,	NULL),
(77,	1,	'76',	'A-76',	1,	2850,	1200,	30,	24,	4,	0,	NULL),
(78,	1,	'77',	'A-77',	1,	2890,	1200,	30,	24,	4,	0,	NULL),
(79,	1,	'78',	'A-78',	1,	2925,	1200,	30,	24,	4,	0,	NULL),
(80,	1,	'79',	'A-79',	1,	2965,	1200,	30,	24,	4,	0,	NULL),
(81,	1,	'80',	'A-80',	1,	3000,	1200,	30,	24,	4,	0,	NULL),
(82,	1,	'81',	'A-81',	1,	3040,	1200,	30,	24,	4,	0,	NULL),
(83,	1,	'82',	'A-82',	1,	3075,	1200,	30,	24,	4,	0,	NULL),
(84,	1,	'83',	'A-83',	1,	3115,	1200,	30,	24,	4,	0,	NULL),
(85,	1,	'84',	'A-84',	1,	3150,	1200,	30,	24,	4,	0,	NULL),
(86,	1,	'85',	'A-85',	1,	3190,	1200,	30,	24,	4,	0,	NULL),
(87,	1,	'86',	'A-86',	1,	3225,	1200,	30,	24,	4,	0,	NULL),
(88,	1,	'87',	'A-87',	1,	3265,	1200,	30,	24,	4,	0,	NULL),
(89,	1,	'88',	'A-88',	1,	3300,	1200,	30,	24,	4,	0,	NULL),
(90,	1,	'89',	'A-89',	1,	3340,	1200,	30,	24,	4,	0,	NULL),
(91,	1,	'90',	'A-90',	1,	3375,	1200,	30,	24,	4,	0,	NULL),
(92,	1,	'91',	'A-91',	1,	3415,	1200,	30,	24,	4,	0,	NULL),
(93,	1,	'92',	'A-92',	1,	3450,	1200,	30,	24,	4,	0,	NULL),
(94,	1,	'93',	'A-93',	1,	3490,	1200,	30,	24,	4,	0,	NULL),
(95,	1,	'94',	'A-94',	1,	3525,	1200,	30,	24,	4,	0,	NULL),
(96,	1,	'95',	'A-95',	1,	3565,	1200,	30,	24,	4,	0,	NULL),
(97,	1,	'96',	'A-96',	1,	3600,	1200,	30,	24,	4,	0,	NULL),
(98,	1,	'97',	'A-97',	1,	3640,	1200,	30,	24,	4,	0,	NULL),
(99,	1,	'98',	'A-98',	1,	3675,	1200,	30,	24,	4,	0,	NULL),
(100,	2,	'0',	'B-0',	0,	0,	1085,	30,	45,	8,	0,	NULL),
(101,	2,	'1',	'B-1',	1,	40,	1085,	30,	45,	8,	0,	NULL),
(102,	2,	'2',	'B-2',	1,	75,	1085,	30,	45,	8,	0,	NULL),
(103,	2,	'3',	'B-3',	1,	115,	1085,	30,	45,	8,	0,	NULL),
(104,	2,	'4',	'B-4',	1,	150,	1085,	30,	45,	8,	0,	NULL),
(105,	2,	'5',	'B-5',	1,	190,	1085,	30,	45,	8,	0,	NULL),
(106,	2,	'6',	'B-6',	1,	225,	1085,	30,	45,	8,	0,	NULL),
(107,	2,	'7',	'B-7',	1,	265,	1085,	30,	45,	8,	0,	NULL),
(108,	2,	'8',	'B-8',	1,	300,	1085,	30,	45,	8,	0,	NULL),
(109,	2,	'9',	'B-9',	1,	340,	1085,	30,	45,	8,	0,	NULL),
(110,	2,	'10',	'B-10',	1,	375,	1085,	30,	45,	8,	0,	NULL),
(111,	2,	'11',	'B-11',	1,	415,	1085,	30,	45,	8,	0,	NULL),
(112,	2,	'12',	'B-12',	1,	450,	1085,	30,	45,	8,	0,	NULL),
(113,	2,	'13',	'B-13',	1,	490,	1085,	30,	45,	8,	0,	NULL),
(114,	2,	'14',	'B-14',	1,	525,	1085,	30,	45,	8,	0,	NULL),
(115,	2,	'15',	'B-15',	1,	565,	1085,	30,	45,	8,	0,	NULL),
(116,	2,	'16',	'B-16',	1,	600,	1085,	30,	45,	8,	0,	NULL),
(117,	2,	'17',	'B-17',	1,	640,	1085,	30,	45,	8,	0,	NULL),
(118,	2,	'18',	'B-18',	1,	675,	1085,	30,	45,	8,	0,	NULL),
(119,	2,	'19',	'B-19',	1,	715,	1085,	30,	45,	8,	0,	NULL),
(120,	2,	'20',	'B-20',	1,	750,	1085,	30,	45,	8,	0,	NULL),
(121,	2,	'21',	'B-21',	1,	790,	1085,	30,	45,	8,	0,	NULL),
(122,	2,	'22',	'B-22',	1,	825,	1085,	30,	45,	8,	0,	NULL),
(123,	2,	'23',	'B-23',	1,	865,	1085,	30,	45,	8,	0,	NULL),
(124,	2,	'24',	'B-24',	1,	900,	1085,	30,	45,	8,	0,	NULL),
(125,	2,	'25',	'B-25',	1,	940,	1085,	30,	45,	8,	0,	NULL),
(126,	2,	'26',	'B-26',	1,	975,	1085,	30,	45,	8,	0,	NULL),
(127,	2,	'27',	'B-27',	1,	1015,	1085,	30,	45,	8,	0,	NULL),
(128,	2,	'28',	'B-28',	1,	1050,	1085,	30,	45,	8,	0,	NULL),
(129,	2,	'29',	'B-29',	0,	1090,	1085,	30,	45,	8,	0,	NULL),
(130,	2,	'30',	'B-30',	0,	1125,	1085,	30,	45,	8,	0,	NULL),
(131,	2,	'31',	'B-31',	1,	1165,	1085,	30,	45,	8,	0,	NULL),
(132,	2,	'32',	'B-32',	1,	1200,	1085,	30,	45,	8,	0,	NULL),
(133,	2,	'33',	'B-33',	1,	1240,	1085,	30,	45,	8,	0,	NULL),
(134,	2,	'34',	'B-34',	1,	1275,	1085,	30,	45,	8,	0,	NULL),
(135,	2,	'35',	'B-35',	1,	1315,	1085,	30,	45,	8,	0,	NULL),
(136,	2,	'36',	'B-36',	1,	1350,	1085,	30,	45,	8,	0,	NULL),
(137,	2,	'37',	'B-37',	1,	1390,	1085,	30,	45,	8,	0,	NULL),
(138,	2,	'38',	'B-38',	1,	1425,	1085,	30,	45,	8,	0,	NULL),
(139,	2,	'39',	'B-39',	1,	1465,	1085,	30,	45,	8,	0,	NULL),
(140,	2,	'40',	'B-40',	1,	1500,	1085,	30,	45,	8,	0,	NULL),
(141,	2,	'41',	'B-41',	1,	1540,	1085,	30,	45,	8,	0,	NULL),
(142,	2,	'42',	'B-42',	1,	1575,	1085,	30,	45,	8,	0,	NULL),
(143,	2,	'43',	'B-43',	1,	1615,	1085,	30,	45,	8,	0,	NULL),
(144,	2,	'44',	'B-44',	1,	1650,	1085,	30,	45,	8,	0,	NULL),
(145,	2,	'45',	'B-45',	1,	1690,	1085,	30,	45,	8,	0,	NULL),
(146,	2,	'46',	'B-46',	1,	1725,	1085,	30,	45,	8,	0,	NULL),
(147,	2,	'47',	'B-47',	1,	1765,	1085,	30,	45,	8,	0,	NULL),
(148,	2,	'48',	'B-48',	1,	1800,	1085,	30,	45,	8,	0,	NULL),
(149,	2,	'49',	'B-49',	1,	1840,	1085,	30,	45,	8,	0,	NULL),
(150,	2,	'50',	'B-50',	1,	1875,	1085,	30,	45,	8,	0,	NULL),
(151,	2,	'51',	'B-51',	1,	1915,	1085,	30,	45,	8,	0,	NULL),
(152,	2,	'52',	'B-52',	1,	1950,	1085,	30,	45,	8,	0,	NULL),
(153,	2,	'53',	'B-53',	1,	1990,	1085,	30,	45,	8,	0,	NULL),
(154,	2,	'54',	'B-54',	1,	2025,	1085,	30,	45,	8,	0,	NULL),
(155,	2,	'55',	'B-55',	1,	2065,	1085,	30,	45,	8,	0,	NULL),
(156,	2,	'56',	'B-56',	1,	2100,	1085,	30,	45,	8,	0,	NULL),
(157,	2,	'57',	'B-57',	1,	2140,	1085,	30,	45,	8,	0,	NULL),
(158,	2,	'58',	'B-58',	1,	2175,	1085,	30,	45,	8,	0,	NULL),
(159,	2,	'59',	'B-59',	1,	2215,	1085,	30,	45,	8,	0,	NULL),
(160,	2,	'60',	'B-60',	1,	2250,	1085,	30,	45,	8,	0,	NULL),
(161,	2,	'61',	'B-61',	1,	2290,	1085,	30,	45,	8,	0,	NULL),
(162,	2,	'62',	'B-62',	1,	2325,	1085,	30,	45,	8,	0,	NULL),
(163,	2,	'63',	'B-63',	1,	2365,	1085,	30,	45,	8,	0,	NULL),
(164,	2,	'64',	'B-64',	1,	2400,	1085,	30,	45,	8,	0,	NULL),
(165,	2,	'65',	'B-65',	1,	2440,	1085,	30,	45,	8,	0,	NULL),
(166,	2,	'66',	'B-66',	1,	2475,	1085,	30,	45,	8,	0,	NULL),
(167,	2,	'67',	'B-67',	1,	2515,	1085,	30,	45,	8,	0,	NULL),
(168,	2,	'68',	'B-68',	1,	2550,	1085,	30,	45,	8,	0,	NULL),
(169,	2,	'69',	'B-69',	1,	2590,	1085,	30,	45,	8,	0,	NULL),
(170,	2,	'70',	'B-70',	1,	2625,	1085,	30,	45,	8,	0,	NULL),
(171,	2,	'71',	'B-71',	0,	2665,	1085,	30,	45,	8,	0,	NULL),
(172,	2,	'72',	'B-72',	0,	2700,	1085,	30,	45,	8,	0,	NULL),
(173,	2,	'73',	'B-73',	1,	2740,	1085,	30,	45,	8,	0,	NULL),
(174,	2,	'74',	'B-74',	1,	2775,	1085,	30,	45,	8,	0,	NULL),
(175,	2,	'75',	'B-75',	1,	2815,	1085,	30,	45,	8,	0,	NULL),
(176,	2,	'76',	'B-76',	1,	2850,	1085,	30,	45,	8,	0,	NULL),
(177,	2,	'77',	'B-77',	1,	2890,	1085,	30,	45,	8,	0,	NULL),
(178,	2,	'78',	'B-78',	1,	2925,	1085,	30,	45,	8,	0,	NULL),
(179,	2,	'79',	'B-79',	1,	2965,	1085,	30,	45,	8,	0,	NULL),
(180,	2,	'80',	'B-80',	1,	3000,	1085,	30,	45,	8,	0,	NULL),
(181,	2,	'81',	'B-81',	1,	3040,	1085,	30,	45,	8,	0,	NULL),
(182,	2,	'82',	'B-82',	1,	3075,	1085,	30,	45,	8,	0,	NULL),
(183,	2,	'83',	'B-83',	1,	3115,	1085,	30,	45,	8,	0,	NULL),
(184,	2,	'84',	'B-84',	1,	3150,	1085,	30,	45,	8,	0,	NULL),
(185,	2,	'85',	'B-85',	1,	3190,	1085,	30,	45,	8,	0,	NULL),
(186,	2,	'86',	'B-86',	1,	3225,	1085,	30,	45,	8,	0,	NULL),
(187,	2,	'87',	'B-87',	1,	3265,	1085,	30,	45,	8,	0,	NULL),
(188,	2,	'88',	'B-88',	1,	3300,	1085,	30,	45,	8,	0,	NULL),
(189,	2,	'89',	'B-89',	1,	3340,	1085,	30,	45,	8,	0,	NULL),
(190,	2,	'90',	'B-90',	1,	3375,	1085,	30,	45,	8,	0,	NULL),
(191,	2,	'91',	'B-91',	1,	3415,	1085,	30,	45,	8,	0,	NULL),
(192,	2,	'92',	'B-92',	1,	3450,	1085,	30,	45,	8,	0,	NULL),
(193,	2,	'93',	'B-93',	1,	3490,	1085,	30,	45,	8,	0,	NULL),
(194,	2,	'94',	'B-94',	1,	3525,	1085,	30,	45,	8,	0,	NULL),
(195,	2,	'95',	'B-95',	1,	3565,	1085,	30,	45,	8,	0,	NULL),
(196,	2,	'96',	'B-96',	1,	3600,	1085,	30,	45,	8,	0,	NULL),
(197,	2,	'97',	'B-97',	1,	3640,	1085,	30,	45,	8,	0,	NULL),
(198,	2,	'98',	'B-98',	1,	3675,	1085,	30,	45,	8,	0,	NULL),
(199,	3,	'0',	'C-0',	0,	0,	1035,	30,	45,	8,	0,	NULL),
(200,	3,	'1',	'C-1',	1,	40,	1035,	30,	45,	8,	0,	NULL),
(201,	3,	'2',	'C-2',	1,	75,	1035,	30,	45,	8,	0,	NULL),
(202,	3,	'3',	'C-3',	1,	115,	1035,	30,	45,	8,	0,	NULL),
(203,	3,	'4',	'C-4',	1,	150,	1035,	30,	45,	8,	0,	NULL),
(204,	3,	'5',	'C-5',	1,	190,	1035,	30,	45,	8,	0,	NULL),
(205,	3,	'6',	'C-6',	1,	225,	1035,	30,	45,	8,	0,	NULL),
(206,	3,	'7',	'C-7',	1,	265,	1035,	30,	45,	8,	0,	NULL),
(207,	3,	'8',	'C-8',	1,	300,	1035,	30,	45,	8,	0,	NULL),
(208,	3,	'9',	'C-9',	1,	340,	1035,	30,	45,	8,	0,	NULL),
(209,	3,	'10',	'C-10',	1,	375,	1035,	30,	45,	8,	0,	NULL),
(210,	3,	'11',	'C-11',	1,	415,	1035,	30,	45,	8,	0,	NULL),
(211,	3,	'12',	'C-12',	1,	450,	1035,	30,	45,	8,	0,	NULL),
(212,	3,	'13',	'C-13',	1,	490,	1035,	30,	45,	8,	0,	NULL),
(213,	3,	'14',	'C-14',	1,	525,	1035,	30,	45,	8,	0,	NULL),
(214,	3,	'15',	'C-15',	1,	565,	1035,	30,	45,	8,	0,	NULL),
(215,	3,	'16',	'C-16',	1,	600,	1035,	30,	45,	8,	0,	NULL),
(216,	3,	'17',	'C-17',	1,	640,	1035,	30,	45,	8,	0,	NULL),
(217,	3,	'18',	'C-18',	1,	675,	1035,	30,	45,	8,	0,	NULL),
(218,	3,	'19',	'C-19',	1,	715,	1035,	30,	45,	8,	0,	NULL),
(219,	3,	'20',	'C-20',	1,	750,	1035,	30,	45,	8,	0,	NULL),
(220,	3,	'21',	'C-21',	1,	790,	1035,	30,	45,	8,	0,	NULL),
(221,	3,	'22',	'C-22',	1,	825,	1035,	30,	45,	8,	0,	NULL),
(222,	3,	'23',	'C-23',	1,	865,	1035,	30,	45,	8,	0,	NULL),
(223,	3,	'24',	'C-24',	1,	900,	1035,	30,	45,	8,	0,	NULL),
(224,	3,	'25',	'C-25',	1,	940,	1035,	30,	45,	8,	0,	NULL),
(225,	3,	'26',	'C-26',	1,	975,	1035,	30,	45,	8,	0,	NULL),
(226,	3,	'27',	'C-27',	1,	1015,	1035,	30,	45,	8,	0,	NULL),
(227,	3,	'28',	'C-28',	1,	1050,	1035,	30,	45,	8,	0,	NULL),
(228,	3,	'29',	'C-29',	0,	1090,	1035,	30,	45,	8,	0,	NULL),
(229,	3,	'30',	'C-30',	0,	1125,	1035,	30,	45,	8,	0,	NULL),
(230,	3,	'31',	'C-31',	1,	1165,	1035,	30,	45,	8,	0,	NULL),
(231,	3,	'32',	'C-32',	1,	1200,	1035,	30,	45,	8,	0,	NULL),
(232,	3,	'33',	'C-33',	1,	1240,	1035,	30,	45,	8,	0,	NULL),
(233,	3,	'34',	'C-34',	1,	1275,	1035,	30,	45,	8,	0,	NULL),
(234,	3,	'35',	'C-35',	1,	1315,	1035,	30,	45,	8,	0,	NULL),
(235,	3,	'36',	'C-36',	1,	1350,	1035,	30,	45,	8,	0,	NULL),
(236,	3,	'37',	'C-37',	1,	1390,	1035,	30,	45,	8,	0,	NULL),
(237,	3,	'38',	'C-38',	1,	1425,	1035,	30,	45,	8,	0,	NULL),
(238,	3,	'39',	'C-39',	1,	1465,	1035,	30,	45,	8,	0,	NULL),
(239,	3,	'40',	'C-40',	1,	1500,	1035,	30,	45,	8,	0,	NULL),
(240,	3,	'41',	'C-41',	1,	1540,	1035,	30,	45,	8,	0,	NULL),
(241,	3,	'42',	'C-42',	1,	1575,	1035,	30,	45,	8,	0,	NULL),
(242,	3,	'43',	'C-43',	1,	1615,	1035,	30,	45,	8,	0,	NULL),
(243,	3,	'44',	'C-44',	1,	1650,	1035,	30,	45,	8,	0,	NULL),
(244,	3,	'45',	'C-45',	1,	1690,	1035,	30,	45,	8,	0,	NULL),
(245,	3,	'46',	'C-46',	1,	1725,	1035,	30,	45,	8,	0,	NULL),
(246,	3,	'47',	'C-47',	1,	1765,	1035,	30,	45,	8,	0,	NULL),
(247,	3,	'48',	'C-48',	1,	1800,	1035,	30,	45,	8,	0,	NULL),
(248,	3,	'49',	'C-49',	1,	1840,	1035,	30,	45,	8,	0,	NULL),
(249,	3,	'50',	'C-50',	1,	1875,	1035,	30,	45,	8,	0,	NULL),
(250,	3,	'51',	'C-51',	1,	1915,	1035,	30,	45,	8,	0,	NULL),
(251,	3,	'52',	'C-52',	1,	1950,	1035,	30,	45,	8,	0,	NULL),
(252,	3,	'53',	'C-53',	1,	1990,	1035,	30,	45,	8,	0,	NULL),
(253,	3,	'54',	'C-54',	1,	2025,	1035,	30,	45,	8,	0,	NULL),
(254,	3,	'55',	'C-55',	1,	2065,	1035,	30,	45,	8,	0,	NULL),
(255,	3,	'56',	'C-56',	1,	2100,	1035,	30,	45,	8,	0,	NULL),
(256,	3,	'57',	'C-57',	1,	2140,	1035,	30,	45,	8,	0,	NULL),
(257,	3,	'58',	'C-58',	1,	2175,	1035,	30,	45,	8,	0,	NULL),
(258,	3,	'59',	'C-59',	1,	2215,	1035,	30,	45,	8,	0,	NULL),
(259,	3,	'60',	'C-60',	1,	2250,	1035,	30,	45,	8,	0,	NULL),
(260,	3,	'61',	'C-61',	1,	2290,	1035,	30,	45,	8,	0,	NULL),
(261,	3,	'62',	'C-62',	1,	2325,	1035,	30,	45,	8,	0,	NULL),
(262,	3,	'63',	'C-63',	1,	2365,	1035,	30,	45,	8,	0,	NULL),
(263,	3,	'64',	'C-64',	1,	2400,	1035,	30,	45,	8,	0,	NULL),
(264,	3,	'65',	'C-65',	1,	2440,	1035,	30,	45,	8,	0,	NULL),
(265,	3,	'66',	'C-66',	1,	2475,	1035,	30,	45,	8,	0,	NULL),
(266,	3,	'67',	'C-67',	1,	2515,	1035,	30,	45,	8,	0,	NULL),
(267,	3,	'68',	'C-68',	1,	2550,	1035,	30,	45,	8,	0,	NULL),
(268,	3,	'69',	'C-69',	1,	2590,	1035,	30,	45,	8,	0,	NULL),
(269,	3,	'70',	'C-70',	1,	2625,	1035,	30,	45,	8,	0,	NULL),
(270,	3,	'71',	'C-71',	0,	2665,	1035,	30,	45,	8,	0,	NULL),
(271,	3,	'72',	'C-72',	0,	2700,	1035,	30,	45,	8,	0,	NULL),
(272,	3,	'73',	'C-73',	1,	2740,	1035,	30,	45,	8,	0,	NULL),
(273,	3,	'74',	'C-74',	1,	2775,	1035,	30,	45,	8,	0,	NULL),
(274,	3,	'75',	'C-75',	1,	2815,	1035,	30,	45,	8,	0,	NULL),
(275,	3,	'76',	'C-76',	1,	2850,	1035,	30,	45,	8,	0,	NULL),
(276,	3,	'77',	'C-77',	1,	2890,	1035,	30,	45,	8,	0,	NULL),
(277,	3,	'78',	'C-78',	1,	2925,	1035,	30,	45,	8,	0,	NULL),
(278,	3,	'79',	'C-79',	1,	2965,	1035,	30,	45,	8,	0,	NULL),
(279,	3,	'80',	'C-80',	1,	3000,	1035,	30,	45,	8,	0,	NULL),
(280,	3,	'81',	'C-81',	1,	3040,	1035,	30,	45,	8,	0,	NULL),
(281,	3,	'82',	'C-82',	1,	3075,	1035,	30,	45,	8,	0,	NULL),
(282,	3,	'83',	'C-83',	1,	3115,	1035,	30,	45,	8,	0,	NULL),
(283,	3,	'84',	'C-84',	1,	3150,	1035,	30,	45,	8,	0,	NULL),
(284,	3,	'85',	'C-85',	1,	3190,	1035,	30,	45,	8,	0,	NULL),
(285,	3,	'86',	'C-86',	1,	3225,	1035,	30,	45,	8,	0,	NULL),
(286,	3,	'87',	'C-87',	1,	3265,	1035,	30,	45,	8,	0,	NULL),
(287,	3,	'88',	'C-88',	1,	3300,	1035,	30,	45,	8,	0,	NULL),
(288,	3,	'89',	'C-89',	1,	3340,	1035,	30,	45,	8,	0,	NULL),
(289,	3,	'90',	'C-90',	1,	3375,	1035,	30,	45,	8,	0,	NULL),
(290,	3,	'91',	'C-91',	1,	3415,	1035,	30,	45,	8,	0,	NULL),
(291,	3,	'92',	'C-92',	1,	3450,	1035,	30,	45,	8,	0,	NULL),
(292,	3,	'93',	'C-93',	1,	3490,	1035,	30,	45,	8,	0,	NULL),
(293,	3,	'94',	'C-94',	1,	3525,	1035,	30,	45,	8,	0,	NULL),
(294,	3,	'95',	'C-95',	1,	3565,	1035,	30,	45,	8,	0,	NULL),
(295,	3,	'96',	'C-96',	1,	3600,	1035,	30,	45,	8,	0,	NULL),
(296,	3,	'97',	'C-97',	1,	3640,	1035,	30,	45,	8,	0,	NULL),
(297,	3,	'98',	'C-98',	1,	3675,	1035,	30,	45,	8,	0,	NULL),
(298,	3,	'99',	'C-99',	1,	3715,	1035,	30,	60,	12,	0,	NULL),
(299,	3,	'100',	'C-100',	1,	3750,	1035,	30,	60,	12,	0,	NULL),
(300,	3,	'101',	'C-101',	1,	3790,	1035,	30,	60,	12,	0,	NULL),
(301,	3,	'102',	'C-102',	1,	3825,	1035,	30,	60,	12,	0,	NULL),
(302,	3,	'103',	'C-103',	1,	3865,	1035,	30,	60,	12,	0,	NULL),
(303,	3,	'104',	'C-104',	1,	3900,	1035,	30,	60,	12,	0,	NULL),
(304,	3,	'105',	'C-105',	1,	3940,	1035,	30,	60,	12,	0,	NULL),
(305,	3,	'106',	'C-106',	1,	3975,	1035,	30,	60,	12,	0,	NULL),
(306,	3,	'107',	'C-107',	1,	4015,	1035,	30,	60,	12,	0,	NULL),
(307,	3,	'108',	'C-108',	1,	4050,	1035,	30,	60,	12,	0,	NULL),
(308,	3,	'109',	'C-109',	1,	4090,	1035,	30,	60,	12,	0,	NULL),
(309,	3,	'110',	'C-110',	1,	4125,	1035,	30,	60,	12,	0,	NULL),
(310,	3,	'111',	'C-111',	1,	4165,	1035,	30,	60,	12,	0,	NULL),
(311,	3,	'112',	'C-112',	1,	4200,	1035,	30,	60,	12,	0,	NULL),
(312,	3,	'113',	'C-113',	1,	4240,	1035,	30,	60,	12,	0,	NULL),
(313,	3,	'114',	'C-114',	1,	4275,	1035,	30,	60,	12,	0,	NULL),
(314,	3,	'115',	'C-115',	1,	4315,	1035,	30,	60,	12,	0,	NULL),
(315,	3,	'116',	'C-116',	1,	4350,	1035,	30,	60,	12,	0,	NULL),
(316,	3,	'117',	'C-117',	1,	4390,	1035,	30,	60,	12,	0,	NULL),
(317,	3,	'118',	'C-118',	1,	4425,	1035,	30,	60,	12,	0,	NULL),
(318,	3,	'119',	'C-119',	1,	4465,	1035,	30,	60,	12,	0,	NULL),
(319,	3,	'120',	'C-120',	1,	4500,	1035,	30,	60,	12,	0,	NULL),
(320,	3,	'121',	'C-121',	1,	4540,	1035,	30,	60,	12,	0,	NULL),
(321,	3,	'122',	'C-122',	1,	4575,	1035,	30,	60,	12,	0,	NULL),
(322,	3,	'123',	'C-123',	1,	4615,	1035,	30,	60,	12,	0,	NULL),
(323,	3,	'124',	'C-124',	1,	4650,	1035,	30,	60,	12,	0,	NULL),
(324,	4,	'0',	'D-0',	0,	0,	920,	30,	45,	8,	0,	NULL),
(325,	4,	'1',	'D-1',	1,	40,	920,	30,	45,	8,	0,	NULL),
(326,	4,	'2',	'D-2',	1,	75,	920,	30,	45,	8,	0,	NULL),
(327,	4,	'3',	'D-3',	1,	115,	920,	30,	45,	8,	0,	NULL),
(328,	4,	'4',	'D-4',	1,	150,	920,	30,	45,	8,	0,	NULL),
(329,	4,	'5',	'D-5',	1,	190,	920,	30,	45,	8,	0,	NULL),
(330,	4,	'6',	'D-6',	1,	225,	920,	30,	45,	8,	0,	NULL),
(331,	4,	'7',	'D-7',	1,	265,	920,	30,	45,	8,	0,	NULL),
(332,	4,	'8',	'D-8',	1,	300,	920,	30,	45,	8,	0,	NULL),
(333,	4,	'9',	'D-9',	1,	340,	920,	30,	45,	8,	0,	NULL),
(334,	4,	'10',	'D-10',	1,	375,	920,	30,	45,	8,	0,	NULL),
(335,	4,	'11',	'D-11',	1,	415,	920,	30,	45,	8,	0,	NULL),
(336,	4,	'12',	'D-12',	1,	450,	920,	30,	45,	8,	0,	NULL),
(337,	4,	'13',	'D-13',	1,	490,	920,	30,	45,	8,	0,	NULL),
(338,	4,	'14',	'D-14',	1,	525,	920,	30,	45,	8,	0,	NULL),
(339,	4,	'15',	'D-15',	1,	565,	920,	30,	45,	8,	0,	NULL),
(340,	4,	'16',	'D-16',	1,	600,	920,	30,	45,	8,	0,	NULL),
(341,	4,	'17',	'D-17',	1,	640,	920,	30,	45,	8,	0,	NULL),
(342,	4,	'18',	'D-18',	1,	675,	920,	30,	45,	8,	0,	NULL),
(343,	4,	'19',	'D-19',	1,	715,	920,	30,	45,	8,	0,	NULL),
(344,	4,	'20',	'D-20',	1,	750,	920,	30,	45,	8,	0,	NULL),
(345,	4,	'21',	'D-21',	1,	790,	920,	30,	45,	8,	0,	NULL),
(346,	4,	'22',	'D-22',	1,	825,	920,	30,	45,	8,	0,	NULL),
(347,	4,	'23',	'D-23',	1,	865,	920,	30,	45,	8,	0,	NULL),
(348,	4,	'24',	'D-24',	1,	900,	920,	30,	45,	8,	0,	NULL),
(349,	4,	'25',	'D-25',	1,	940,	920,	30,	45,	8,	0,	NULL),
(350,	4,	'26',	'D-26',	1,	975,	920,	30,	45,	8,	0,	NULL),
(351,	4,	'27',	'D-27',	1,	1015,	920,	30,	45,	8,	0,	NULL),
(352,	4,	'28',	'D-28',	1,	1050,	920,	30,	45,	8,	0,	NULL),
(353,	4,	'29',	'D-29',	0,	1090,	920,	30,	45,	8,	0,	NULL),
(354,	4,	'30',	'D-30',	0,	1125,	920,	30,	45,	8,	0,	NULL),
(355,	4,	'31',	'D-31',	1,	1165,	920,	30,	45,	8,	0,	NULL),
(356,	4,	'32',	'D-32',	1,	1200,	920,	30,	45,	8,	0,	NULL),
(357,	4,	'33',	'D-33',	1,	1240,	920,	30,	45,	8,	0,	NULL),
(358,	4,	'34',	'D-34',	1,	1275,	920,	30,	45,	8,	0,	NULL),
(359,	4,	'35',	'D-35',	1,	1315,	920,	30,	45,	8,	0,	NULL),
(360,	4,	'36',	'D-36',	1,	1350,	920,	30,	45,	8,	0,	NULL),
(361,	4,	'37',	'D-37',	1,	1390,	920,	30,	45,	8,	0,	NULL),
(362,	4,	'38',	'D-38',	1,	1425,	920,	30,	45,	8,	0,	NULL),
(363,	4,	'39',	'D-39',	1,	1465,	920,	30,	45,	8,	0,	NULL),
(364,	4,	'40',	'D-40',	1,	1500,	920,	30,	45,	8,	0,	NULL),
(365,	4,	'41',	'D-41',	1,	1540,	920,	30,	45,	8,	0,	NULL),
(366,	4,	'42',	'D-42',	1,	1575,	920,	30,	45,	8,	0,	NULL),
(367,	4,	'43',	'D-43',	1,	1615,	920,	30,	45,	8,	0,	NULL),
(368,	4,	'44',	'D-44',	1,	1650,	920,	30,	45,	8,	0,	NULL),
(369,	4,	'45',	'D-45',	1,	1690,	920,	30,	45,	8,	0,	NULL),
(370,	4,	'46',	'D-46',	1,	1725,	920,	30,	45,	8,	0,	NULL),
(371,	4,	'47',	'D-47',	1,	1765,	920,	30,	45,	8,	0,	NULL),
(372,	4,	'48',	'D-48',	1,	1800,	920,	30,	45,	8,	0,	NULL),
(373,	4,	'49',	'D-49',	1,	1840,	920,	30,	45,	8,	0,	NULL),
(374,	4,	'50',	'D-50',	1,	1875,	920,	30,	45,	8,	0,	NULL),
(375,	4,	'51',	'D-51',	1,	1915,	920,	30,	45,	8,	0,	NULL),
(376,	4,	'52',	'D-52',	1,	1950,	920,	30,	45,	8,	0,	NULL),
(377,	4,	'53',	'D-53',	1,	1990,	920,	30,	45,	8,	0,	NULL),
(378,	4,	'54',	'D-54',	1,	2025,	920,	30,	45,	8,	0,	NULL),
(379,	4,	'55',	'D-55',	1,	2065,	920,	30,	45,	8,	0,	NULL),
(380,	4,	'56',	'D-56',	1,	2100,	920,	30,	45,	8,	0,	NULL),
(381,	4,	'57',	'D-57',	1,	2140,	920,	30,	45,	8,	0,	NULL),
(382,	4,	'58',	'D-58',	1,	2175,	920,	30,	45,	8,	0,	NULL),
(383,	4,	'59',	'D-59',	1,	2215,	920,	30,	45,	8,	0,	NULL),
(384,	4,	'60',	'D-60',	1,	2250,	920,	30,	45,	8,	0,	NULL),
(385,	4,	'61',	'D-61',	1,	2290,	920,	30,	45,	8,	0,	NULL),
(386,	4,	'62',	'D-62',	1,	2325,	920,	30,	45,	8,	0,	NULL),
(387,	4,	'63',	'D-63',	1,	2365,	920,	30,	45,	8,	0,	NULL),
(388,	4,	'64',	'D-64',	1,	2400,	920,	30,	45,	8,	0,	NULL),
(389,	4,	'65',	'D-65',	1,	2440,	920,	30,	45,	8,	0,	NULL),
(390,	4,	'66',	'D-66',	1,	2475,	920,	30,	45,	8,	0,	NULL),
(391,	4,	'67',	'D-67',	1,	2515,	920,	30,	45,	8,	0,	NULL),
(392,	4,	'68',	'D-68',	1,	2550,	920,	30,	45,	8,	0,	NULL),
(393,	4,	'69',	'D-69',	1,	2590,	920,	30,	45,	8,	0,	NULL),
(394,	4,	'70',	'D-70',	1,	2625,	920,	30,	45,	8,	0,	NULL),
(395,	4,	'71',	'D-71',	0,	2665,	920,	30,	45,	8,	0,	NULL),
(396,	4,	'72',	'D-72',	0,	2700,	920,	30,	45,	8,	0,	NULL),
(397,	4,	'73',	'D-73',	1,	2740,	920,	30,	45,	8,	0,	NULL),
(398,	4,	'74',	'D-74',	1,	2775,	920,	30,	45,	8,	0,	NULL),
(399,	4,	'75',	'D-75',	1,	2815,	920,	30,	45,	8,	0,	NULL),
(400,	4,	'76',	'D-76',	1,	2850,	920,	30,	45,	8,	0,	NULL),
(401,	4,	'77',	'D-77',	1,	2890,	920,	30,	45,	8,	0,	NULL),
(402,	4,	'78',	'D-78',	1,	2925,	920,	30,	45,	8,	0,	NULL),
(403,	4,	'79',	'D-79',	1,	2965,	920,	30,	45,	8,	0,	NULL),
(404,	4,	'80',	'D-80',	1,	3000,	920,	30,	45,	8,	0,	NULL),
(405,	4,	'81',	'D-81',	1,	3040,	920,	30,	45,	8,	0,	NULL),
(406,	4,	'82',	'D-82',	1,	3075,	920,	30,	45,	8,	0,	NULL),
(407,	4,	'83',	'D-83',	1,	3115,	920,	30,	45,	8,	0,	NULL),
(408,	4,	'84',	'D-84',	1,	3150,	920,	30,	45,	8,	0,	NULL),
(409,	4,	'85',	'D-85',	1,	3190,	920,	30,	45,	8,	0,	NULL),
(410,	4,	'86',	'D-86',	1,	3225,	920,	30,	45,	8,	0,	NULL),
(411,	4,	'87',	'D-87',	1,	3265,	920,	30,	45,	8,	0,	NULL),
(412,	4,	'88',	'D-88',	1,	3300,	920,	30,	45,	8,	0,	NULL),
(413,	4,	'89',	'D-89',	1,	3340,	920,	30,	45,	8,	0,	NULL),
(414,	4,	'90',	'D-90',	1,	3375,	920,	30,	45,	8,	0,	NULL),
(415,	4,	'91',	'D-91',	1,	3415,	920,	30,	45,	8,	0,	NULL),
(416,	4,	'92',	'D-92',	1,	3450,	920,	30,	45,	8,	0,	NULL),
(417,	4,	'93',	'D-93',	1,	3490,	920,	30,	45,	8,	0,	NULL),
(418,	4,	'94',	'D-94',	1,	3525,	920,	30,	45,	8,	0,	NULL),
(419,	4,	'95',	'D-95',	1,	3565,	920,	30,	45,	8,	0,	NULL),
(420,	4,	'96',	'D-96',	1,	3600,	920,	30,	45,	8,	0,	NULL),
(421,	4,	'97',	'D-97',	1,	3640,	920,	30,	45,	8,	0,	NULL),
(422,	4,	'98',	'D-98',	1,	3675,	920,	30,	45,	8,	0,	NULL),
(423,	4,	'99',	'D-99',	1,	3715,	920,	30,	45,	8,	0,	NULL),
(424,	4,	'100',	'D-100',	1,	3750,	920,	30,	45,	8,	0,	NULL),
(425,	4,	'101',	'D-101',	1,	3790,	920,	30,	45,	8,	0,	NULL),
(426,	4,	'102',	'D-102',	1,	3825,	920,	30,	45,	8,	0,	NULL),
(427,	4,	'103',	'D-103',	1,	3865,	920,	30,	45,	8,	0,	NULL),
(428,	4,	'104',	'D-104',	1,	3900,	920,	30,	45,	8,	0,	NULL),
(429,	4,	'105',	'D-105',	1,	3940,	920,	30,	45,	8,	0,	NULL),
(430,	4,	'106',	'D-106',	1,	3975,	920,	30,	45,	8,	0,	NULL),
(431,	4,	'107',	'D-107',	1,	4015,	920,	30,	45,	8,	0,	NULL),
(432,	4,	'108',	'D-108',	1,	4050,	920,	30,	45,	8,	0,	NULL),
(433,	4,	'109',	'D-109',	1,	4090,	920,	30,	45,	8,	0,	NULL),
(434,	4,	'110',	'D-110',	1,	4125,	920,	30,	45,	8,	0,	NULL),
(435,	4,	'111',	'D-111',	1,	4165,	920,	30,	45,	8,	0,	NULL),
(436,	4,	'112',	'D-112',	0,	4200,	920,	30,	45,	8,	0,	NULL),
(437,	4,	'113',	'D-113',	0,	4240,	920,	30,	45,	8,	0,	NULL),
(438,	4,	'114',	'D-114',	1,	4275,	920,	30,	45,	8,	0,	NULL),
(439,	4,	'115',	'D-115',	1,	4315,	920,	30,	45,	8,	0,	NULL),
(440,	4,	'116',	'D-116',	1,	4350,	920,	30,	45,	8,	0,	NULL),
(441,	4,	'117',	'D-117',	1,	4390,	920,	30,	45,	8,	0,	NULL),
(442,	4,	'118',	'D-118',	1,	4425,	920,	30,	45,	8,	0,	NULL),
(443,	4,	'119',	'D-119',	1,	4465,	920,	30,	45,	8,	0,	NULL),
(444,	4,	'120',	'D-120',	1,	4500,	920,	30,	45,	8,	0,	NULL),
(445,	4,	'121',	'D-121',	1,	4540,	920,	30,	45,	8,	0,	NULL),
(446,	4,	'122',	'D-122',	1,	4575,	920,	30,	45,	8,	0,	NULL),
(447,	4,	'123',	'D-123',	1,	4615,	920,	30,	45,	8,	0,	NULL),
(448,	4,	'124',	'D-124',	1,	4650,	920,	30,	45,	8,	0,	NULL),
(449,	5,	'0',	'E-0',	0,	0,	870,	30,	45,	8,	0,	NULL),
(450,	5,	'1',	'E-1',	1,	40,	870,	30,	45,	8,	0,	NULL),
(451,	5,	'2',	'E-2',	1,	75,	870,	30,	45,	8,	0,	NULL),
(452,	5,	'3',	'E-3',	1,	115,	870,	30,	45,	8,	0,	NULL),
(453,	5,	'4',	'E-4',	1,	150,	870,	30,	45,	8,	0,	NULL),
(454,	5,	'5',	'E-5',	1,	190,	870,	30,	45,	8,	0,	NULL),
(455,	5,	'6',	'E-6',	1,	225,	870,	30,	45,	8,	0,	NULL),
(456,	5,	'7',	'E-7',	1,	265,	870,	30,	45,	8,	0,	NULL),
(457,	5,	'8',	'E-8',	1,	300,	870,	30,	45,	8,	0,	NULL),
(458,	5,	'9',	'E-9',	1,	340,	870,	30,	45,	8,	0,	NULL),
(459,	5,	'10',	'E-10',	1,	375,	870,	30,	45,	8,	0,	NULL),
(460,	5,	'11',	'E-11',	1,	415,	870,	30,	45,	8,	0,	NULL),
(461,	5,	'12',	'E-12',	1,	450,	870,	30,	45,	8,	0,	NULL),
(462,	5,	'13',	'E-13',	1,	490,	870,	30,	45,	8,	0,	NULL),
(463,	5,	'14',	'E-14',	1,	525,	870,	30,	45,	8,	0,	NULL),
(464,	5,	'15',	'E-15',	1,	565,	870,	30,	45,	8,	0,	NULL),
(465,	5,	'16',	'E-16',	1,	600,	870,	30,	45,	8,	0,	NULL),
(466,	5,	'17',	'E-17',	1,	640,	870,	30,	45,	8,	0,	NULL),
(467,	5,	'18',	'E-18',	1,	675,	870,	30,	45,	8,	0,	NULL),
(468,	5,	'19',	'E-19',	1,	715,	870,	30,	45,	8,	0,	NULL),
(469,	5,	'20',	'E-20',	1,	750,	870,	30,	45,	8,	0,	NULL),
(470,	5,	'21',	'E-21',	1,	790,	870,	30,	45,	8,	0,	NULL),
(471,	5,	'22',	'E-22',	1,	825,	870,	30,	45,	8,	0,	NULL),
(472,	5,	'23',	'E-23',	1,	865,	870,	30,	45,	8,	0,	NULL),
(473,	5,	'24',	'E-24',	1,	900,	870,	30,	45,	8,	0,	NULL),
(474,	5,	'25',	'E-25',	1,	940,	870,	30,	45,	8,	0,	NULL),
(475,	5,	'26',	'E-26',	1,	975,	870,	30,	45,	8,	0,	NULL),
(476,	5,	'27',	'E-27',	1,	1015,	870,	30,	45,	8,	0,	NULL),
(477,	5,	'28',	'E-28',	1,	1050,	870,	30,	45,	8,	0,	NULL),
(478,	5,	'29',	'E-29',	0,	1090,	870,	30,	45,	8,	0,	NULL),
(479,	5,	'30',	'E-30',	0,	1125,	870,	30,	45,	8,	0,	NULL),
(480,	5,	'31',	'E-31',	1,	1165,	870,	30,	45,	8,	0,	NULL),
(481,	5,	'32',	'E-32',	1,	1200,	870,	30,	45,	8,	0,	NULL),
(482,	5,	'33',	'E-33',	1,	1240,	870,	30,	45,	8,	0,	NULL),
(483,	5,	'34',	'E-34',	1,	1275,	870,	30,	45,	8,	0,	NULL),
(484,	5,	'35',	'E-35',	1,	1315,	870,	30,	45,	8,	0,	NULL),
(485,	5,	'36',	'E-36',	1,	1350,	870,	30,	45,	8,	0,	NULL),
(486,	5,	'37',	'E-37',	1,	1390,	870,	30,	45,	8,	0,	NULL),
(487,	5,	'38',	'E-38',	1,	1425,	870,	30,	45,	8,	0,	NULL),
(488,	5,	'39',	'E-39',	1,	1465,	870,	30,	45,	8,	0,	NULL),
(489,	5,	'40',	'E-40',	1,	1500,	870,	30,	45,	8,	0,	NULL),
(490,	5,	'41',	'E-41',	1,	1540,	870,	30,	45,	8,	0,	NULL),
(491,	5,	'42',	'E-42',	1,	1575,	870,	30,	45,	8,	0,	NULL),
(492,	5,	'43',	'E-43',	1,	1615,	870,	30,	45,	8,	0,	NULL),
(493,	5,	'44',	'E-44',	1,	1650,	870,	30,	45,	8,	0,	NULL),
(494,	5,	'45',	'E-45',	1,	1690,	870,	30,	45,	8,	0,	NULL),
(495,	5,	'46',	'E-46',	1,	1725,	870,	30,	45,	8,	0,	NULL),
(496,	5,	'47',	'E-47',	1,	1765,	870,	30,	45,	8,	0,	NULL),
(497,	5,	'48',	'E-48',	1,	1800,	870,	30,	45,	8,	0,	NULL),
(498,	5,	'49',	'E-49',	1,	1840,	870,	30,	45,	8,	0,	NULL),
(499,	5,	'50',	'E-50',	1,	1875,	870,	30,	45,	8,	0,	NULL),
(500,	5,	'51',	'E-51',	1,	1915,	870,	30,	45,	8,	0,	NULL),
(501,	5,	'52',	'E-52',	1,	1950,	870,	30,	45,	8,	0,	NULL),
(502,	5,	'53',	'E-53',	1,	1990,	870,	30,	45,	8,	0,	NULL),
(503,	5,	'54',	'E-54',	1,	2025,	870,	30,	45,	8,	0,	NULL),
(504,	5,	'55',	'E-55',	1,	2065,	870,	30,	45,	8,	0,	NULL),
(505,	5,	'56',	'E-56',	1,	2100,	870,	30,	45,	8,	0,	NULL),
(506,	5,	'57',	'E-57',	1,	2140,	870,	30,	45,	8,	0,	NULL),
(507,	5,	'58',	'E-58',	1,	2175,	870,	30,	45,	8,	0,	NULL),
(508,	5,	'59',	'E-59',	1,	2215,	870,	30,	45,	8,	0,	NULL),
(509,	5,	'60',	'E-60',	1,	2250,	870,	30,	45,	8,	0,	NULL),
(510,	5,	'61',	'E-61',	1,	2290,	870,	30,	45,	8,	0,	NULL),
(511,	5,	'62',	'E-62',	1,	2325,	870,	30,	45,	8,	0,	NULL),
(512,	5,	'63',	'E-63',	1,	2365,	870,	30,	45,	8,	0,	NULL),
(513,	5,	'64',	'E-64',	1,	2400,	870,	30,	45,	8,	0,	NULL),
(514,	5,	'65',	'E-65',	1,	2440,	870,	30,	45,	8,	0,	NULL),
(515,	5,	'66',	'E-66',	1,	2475,	870,	30,	45,	8,	0,	NULL),
(516,	5,	'67',	'E-67',	1,	2515,	870,	30,	45,	8,	0,	NULL),
(517,	5,	'68',	'E-68',	1,	2550,	870,	30,	45,	8,	0,	NULL),
(518,	5,	'69',	'E-69',	1,	2590,	870,	30,	45,	8,	0,	NULL),
(519,	5,	'70',	'E-70',	1,	2625,	870,	30,	45,	8,	0,	NULL),
(520,	5,	'71',	'E-71',	0,	2665,	870,	30,	45,	8,	0,	NULL),
(521,	5,	'72',	'E-72',	0,	2700,	870,	30,	45,	8,	0,	NULL),
(522,	5,	'73',	'E-73',	1,	2740,	870,	30,	45,	8,	0,	NULL),
(523,	5,	'74',	'E-74',	1,	2775,	870,	30,	45,	8,	0,	NULL),
(524,	5,	'75',	'E-75',	1,	2815,	870,	30,	45,	8,	0,	NULL),
(525,	5,	'76',	'E-76',	1,	2850,	870,	30,	45,	8,	0,	NULL),
(526,	5,	'77',	'E-77',	1,	2890,	870,	30,	45,	8,	0,	NULL),
(527,	5,	'78',	'E-78',	1,	2925,	870,	30,	45,	8,	0,	NULL),
(528,	5,	'79',	'E-79',	1,	2965,	870,	30,	45,	8,	0,	NULL),
(529,	5,	'80',	'E-80',	1,	3000,	870,	30,	45,	8,	0,	NULL),
(530,	5,	'81',	'E-81',	1,	3040,	870,	30,	45,	8,	0,	NULL),
(531,	5,	'82',	'E-82',	1,	3075,	870,	30,	45,	8,	0,	NULL),
(532,	5,	'83',	'E-83',	1,	3115,	870,	30,	45,	8,	0,	NULL),
(533,	5,	'84',	'E-84',	1,	3150,	870,	30,	45,	8,	0,	NULL),
(534,	5,	'85',	'E-85',	1,	3190,	870,	30,	45,	8,	0,	NULL),
(535,	5,	'86',	'E-86',	1,	3225,	870,	30,	45,	8,	0,	NULL),
(536,	5,	'87',	'E-87',	1,	3265,	870,	30,	45,	8,	0,	NULL),
(537,	5,	'88',	'E-88',	1,	3300,	870,	30,	45,	8,	0,	NULL),
(538,	5,	'89',	'E-89',	1,	3340,	870,	30,	45,	8,	0,	NULL),
(539,	5,	'90',	'E-90',	1,	3375,	870,	30,	45,	8,	0,	NULL),
(540,	5,	'91',	'E-91',	1,	3415,	870,	30,	45,	8,	0,	NULL),
(541,	5,	'92',	'E-92',	1,	3450,	870,	30,	45,	8,	0,	NULL),
(542,	5,	'93',	'E-93',	1,	3490,	870,	30,	45,	8,	0,	NULL),
(543,	5,	'94',	'E-94',	1,	3525,	870,	30,	45,	8,	0,	NULL),
(544,	5,	'95',	'E-95',	1,	3565,	870,	30,	45,	8,	0,	NULL),
(545,	5,	'96',	'E-96',	1,	3600,	870,	30,	45,	8,	0,	NULL),
(546,	5,	'97',	'E-97',	1,	3640,	870,	30,	45,	8,	0,	NULL),
(547,	5,	'98',	'E-98',	1,	3675,	870,	30,	45,	8,	0,	NULL),
(548,	5,	'99',	'E-99',	1,	3715,	870,	30,	45,	8,	0,	NULL),
(549,	5,	'100',	'E-100',	1,	3750,	870,	30,	45,	8,	0,	NULL),
(550,	5,	'101',	'E-101',	1,	3790,	870,	30,	45,	8,	0,	NULL),
(551,	5,	'102',	'E-102',	1,	3825,	870,	30,	45,	8,	0,	NULL),
(552,	5,	'103',	'E-103',	1,	3865,	870,	30,	45,	8,	0,	NULL),
(553,	5,	'104',	'E-104',	1,	3900,	870,	30,	45,	8,	0,	NULL),
(554,	5,	'105',	'E-105',	1,	3940,	870,	30,	45,	8,	0,	NULL),
(555,	5,	'106',	'E-106',	1,	3975,	870,	30,	45,	8,	0,	NULL),
(556,	5,	'107',	'E-107',	1,	4015,	870,	30,	45,	8,	0,	NULL),
(557,	5,	'108',	'E-108',	1,	4050,	870,	30,	45,	8,	0,	NULL),
(558,	5,	'109',	'E-109',	1,	4090,	870,	30,	45,	8,	0,	NULL),
(559,	5,	'110',	'E-110',	1,	4125,	870,	30,	45,	8,	0,	NULL),
(560,	5,	'111',	'E-111',	1,	4165,	870,	30,	45,	8,	0,	NULL),
(561,	5,	'112',	'E-112',	0,	4200,	870,	30,	45,	8,	0,	NULL),
(562,	5,	'113',	'E-113',	0,	4240,	870,	30,	45,	8,	0,	NULL),
(563,	5,	'114',	'E-114',	1,	4275,	870,	30,	45,	8,	0,	NULL),
(564,	5,	'115',	'E-115',	1,	4315,	870,	30,	45,	8,	0,	NULL),
(565,	5,	'116',	'E-116',	1,	4350,	870,	30,	45,	8,	0,	NULL),
(566,	5,	'117',	'E-117',	1,	4390,	870,	30,	45,	8,	0,	NULL),
(567,	5,	'118',	'E-118',	1,	4425,	870,	30,	45,	8,	0,	NULL),
(568,	5,	'119',	'E-119',	1,	4465,	870,	30,	45,	8,	0,	NULL),
(569,	5,	'120',	'E-120',	1,	4500,	870,	30,	45,	8,	0,	NULL),
(570,	5,	'121',	'E-121',	1,	4540,	870,	30,	45,	8,	0,	NULL),
(571,	5,	'122',	'E-122',	1,	4575,	870,	30,	45,	8,	0,	NULL),
(572,	5,	'123',	'E-123',	1,	4615,	870,	30,	45,	8,	0,	NULL),
(573,	5,	'124',	'E-124',	1,	4650,	870,	30,	45,	8,	0,	NULL),
(574,	6,	'0',	'F-0',	0,	0,	755,	30,	45,	8,	0,	NULL),
(575,	6,	'1',	'F-1',	1,	40,	755,	30,	45,	8,	0,	NULL),
(576,	6,	'2',	'F-2',	1,	75,	755,	30,	45,	8,	0,	NULL),
(577,	6,	'3',	'F-3',	1,	115,	755,	30,	45,	8,	0,	NULL),
(578,	6,	'4',	'F-4',	1,	150,	755,	30,	45,	8,	0,	NULL),
(579,	6,	'5',	'F-5',	1,	190,	755,	30,	45,	8,	0,	NULL),
(580,	6,	'6',	'F-6',	1,	225,	755,	30,	45,	8,	0,	NULL),
(581,	6,	'7',	'F-7',	1,	265,	755,	30,	45,	8,	0,	NULL),
(582,	6,	'8',	'F-8',	1,	300,	755,	30,	45,	8,	0,	NULL),
(583,	6,	'9',	'F-9',	1,	340,	755,	30,	45,	8,	0,	NULL),
(584,	6,	'10',	'F-10',	1,	375,	755,	30,	45,	8,	0,	NULL),
(585,	6,	'11',	'F-11',	1,	415,	755,	30,	45,	8,	0,	NULL),
(586,	6,	'12',	'F-12',	1,	450,	755,	30,	45,	8,	0,	NULL),
(587,	6,	'13',	'F-13',	1,	490,	755,	30,	45,	8,	0,	NULL),
(588,	6,	'14',	'F-14',	1,	525,	755,	30,	45,	8,	0,	NULL),
(589,	6,	'15',	'F-15',	1,	565,	755,	30,	45,	8,	0,	NULL),
(590,	6,	'16',	'F-16',	1,	600,	755,	30,	45,	8,	0,	NULL),
(591,	6,	'17',	'F-17',	1,	640,	755,	30,	45,	8,	0,	NULL),
(592,	6,	'18',	'F-18',	1,	675,	755,	30,	45,	8,	0,	NULL),
(593,	6,	'19',	'F-19',	1,	715,	755,	30,	45,	8,	0,	NULL),
(594,	6,	'20',	'F-20',	1,	750,	755,	30,	45,	8,	0,	NULL),
(595,	6,	'21',	'F-21',	1,	790,	755,	30,	45,	8,	0,	NULL),
(596,	6,	'22',	'F-22',	1,	825,	755,	30,	45,	8,	0,	NULL),
(597,	6,	'23',	'F-23',	1,	865,	755,	30,	45,	8,	0,	NULL),
(598,	6,	'24',	'F-24',	1,	900,	755,	30,	45,	8,	0,	NULL),
(599,	6,	'25',	'F-25',	1,	940,	755,	30,	45,	8,	0,	NULL),
(600,	6,	'26',	'F-26',	1,	975,	755,	30,	45,	8,	0,	NULL),
(601,	6,	'27',	'F-27',	1,	1015,	755,	30,	45,	8,	0,	NULL),
(602,	6,	'28',	'F-28',	1,	1050,	755,	30,	45,	8,	0,	NULL),
(603,	6,	'29',	'F-29',	0,	1090,	755,	30,	45,	8,	0,	NULL),
(604,	6,	'30',	'F-30',	0,	1125,	755,	30,	45,	8,	0,	NULL),
(605,	6,	'31',	'F-31',	1,	1165,	755,	30,	45,	8,	0,	NULL),
(606,	6,	'32',	'F-32',	1,	1200,	755,	30,	45,	8,	0,	NULL),
(607,	6,	'33',	'F-33',	1,	1240,	755,	30,	45,	8,	0,	NULL),
(608,	6,	'34',	'F-34',	1,	1275,	755,	30,	45,	8,	0,	NULL),
(609,	6,	'35',	'F-35',	1,	1315,	755,	30,	45,	8,	0,	NULL),
(610,	6,	'36',	'F-36',	1,	1350,	755,	30,	45,	8,	0,	NULL),
(611,	6,	'37',	'F-37',	1,	1390,	755,	30,	45,	8,	0,	NULL),
(612,	6,	'38',	'F-38',	1,	1425,	755,	30,	45,	8,	0,	NULL),
(613,	6,	'39',	'F-39',	1,	1465,	755,	30,	45,	8,	0,	NULL),
(614,	6,	'40',	'F-40',	1,	1500,	755,	30,	45,	8,	0,	NULL),
(615,	6,	'41',	'F-41',	1,	1540,	755,	30,	45,	8,	0,	NULL),
(616,	6,	'42',	'F-42',	1,	1575,	755,	30,	45,	8,	0,	NULL),
(617,	6,	'43',	'F-43',	1,	1615,	755,	30,	45,	8,	0,	NULL),
(618,	6,	'44',	'F-44',	1,	1650,	755,	30,	45,	8,	0,	NULL),
(619,	6,	'45',	'F-45',	1,	1690,	755,	30,	45,	8,	0,	NULL),
(620,	6,	'46',	'F-46',	1,	1725,	755,	30,	45,	8,	0,	NULL),
(621,	6,	'47',	'F-47',	1,	1765,	755,	30,	45,	8,	0,	NULL),
(622,	6,	'48',	'F-48',	1,	1800,	755,	30,	45,	8,	0,	NULL),
(623,	6,	'49',	'F-49',	1,	1840,	755,	30,	45,	8,	0,	NULL),
(624,	6,	'50',	'F-50',	1,	1875,	755,	30,	45,	8,	0,	NULL),
(625,	6,	'51',	'F-51',	1,	1915,	755,	30,	45,	8,	0,	NULL),
(626,	6,	'52',	'F-52',	1,	1950,	755,	30,	45,	8,	0,	NULL),
(627,	6,	'53',	'F-53',	1,	1990,	755,	30,	45,	8,	0,	NULL),
(628,	6,	'54',	'F-54',	1,	2025,	755,	30,	45,	8,	0,	NULL),
(629,	6,	'55',	'F-55',	1,	2065,	755,	30,	45,	8,	0,	NULL),
(630,	6,	'56',	'F-56',	1,	2100,	755,	30,	45,	8,	0,	NULL),
(631,	6,	'57',	'F-57',	1,	2140,	755,	30,	45,	8,	0,	NULL),
(632,	6,	'58',	'F-58',	1,	2175,	755,	30,	45,	8,	0,	NULL),
(633,	6,	'59',	'F-59',	1,	2215,	755,	30,	45,	8,	0,	NULL),
(634,	6,	'60',	'F-60',	1,	2250,	755,	30,	45,	8,	0,	NULL),
(635,	6,	'61',	'F-61',	1,	2290,	755,	30,	45,	8,	0,	NULL),
(636,	6,	'62',	'F-62',	1,	2325,	755,	30,	45,	8,	0,	NULL),
(637,	6,	'63',	'F-63',	1,	2365,	755,	30,	45,	8,	0,	NULL),
(638,	6,	'64',	'F-64',	1,	2400,	755,	30,	45,	8,	0,	NULL),
(639,	6,	'65',	'F-65',	1,	2440,	755,	30,	45,	8,	0,	NULL),
(640,	6,	'66',	'F-66',	1,	2475,	755,	30,	45,	8,	0,	NULL),
(641,	6,	'67',	'F-67',	1,	2515,	755,	30,	45,	8,	0,	NULL),
(642,	6,	'68',	'F-68',	1,	2550,	755,	30,	45,	8,	0,	NULL),
(643,	6,	'69',	'F-69',	1,	2590,	755,	30,	45,	8,	0,	NULL),
(644,	6,	'70',	'F-70',	1,	2625,	755,	30,	45,	8,	0,	NULL),
(645,	6,	'71',	'F-71',	0,	2665,	755,	30,	45,	8,	0,	NULL),
(646,	6,	'72',	'F-72',	0,	2700,	755,	30,	45,	8,	0,	NULL),
(647,	6,	'73',	'F-73',	1,	2740,	755,	30,	45,	8,	0,	NULL),
(648,	6,	'74',	'F-74',	1,	2775,	755,	30,	45,	8,	0,	NULL),
(649,	6,	'75',	'F-75',	1,	2815,	755,	30,	45,	8,	0,	NULL),
(650,	6,	'76',	'F-76',	1,	2850,	755,	30,	45,	8,	0,	NULL),
(651,	6,	'77',	'F-77',	1,	2890,	755,	30,	45,	8,	0,	NULL),
(652,	6,	'78',	'F-78',	1,	2925,	755,	30,	45,	8,	0,	NULL),
(653,	6,	'79',	'F-79',	1,	2965,	755,	30,	45,	8,	0,	NULL),
(654,	6,	'80',	'F-80',	1,	3000,	755,	30,	45,	8,	0,	NULL),
(655,	6,	'81',	'F-81',	1,	3040,	755,	30,	45,	8,	0,	NULL),
(656,	6,	'82',	'F-82',	1,	3075,	755,	30,	45,	8,	0,	NULL),
(657,	6,	'83',	'F-83',	1,	3115,	755,	30,	45,	8,	0,	NULL),
(658,	6,	'84',	'F-84',	1,	3150,	755,	30,	45,	8,	0,	NULL),
(659,	6,	'85',	'F-85',	1,	3190,	755,	30,	45,	8,	0,	NULL),
(660,	6,	'86',	'F-86',	1,	3225,	755,	30,	45,	8,	0,	NULL),
(661,	6,	'87',	'F-87',	1,	3265,	755,	30,	45,	8,	0,	NULL),
(662,	6,	'88',	'F-88',	1,	3300,	755,	30,	45,	8,	0,	NULL),
(663,	6,	'89',	'F-89',	1,	3340,	755,	30,	45,	8,	0,	NULL),
(664,	6,	'90',	'F-90',	1,	3375,	755,	30,	45,	8,	0,	NULL),
(665,	6,	'91',	'F-91',	1,	3415,	755,	30,	45,	8,	0,	NULL),
(666,	6,	'92',	'F-92',	1,	3450,	755,	30,	45,	8,	0,	NULL),
(667,	6,	'93',	'F-93',	1,	3490,	755,	30,	45,	8,	0,	NULL),
(668,	6,	'94',	'F-94',	1,	3525,	755,	30,	45,	8,	0,	NULL),
(669,	6,	'95',	'F-95',	1,	3565,	755,	30,	45,	8,	0,	NULL),
(670,	6,	'96',	'F-96',	1,	3600,	755,	30,	45,	8,	0,	NULL),
(671,	6,	'97',	'F-97',	1,	3640,	755,	30,	45,	8,	0,	NULL),
(672,	6,	'98',	'F-98',	1,	3675,	755,	30,	45,	8,	0,	NULL),
(673,	6,	'99',	'F-99',	1,	3715,	755,	30,	45,	8,	0,	NULL),
(674,	6,	'100',	'F-100',	1,	3750,	755,	30,	45,	8,	0,	NULL),
(675,	6,	'101',	'F-101',	1,	3790,	755,	30,	45,	8,	0,	NULL),
(676,	6,	'102',	'F-102',	1,	3825,	755,	30,	45,	8,	0,	NULL),
(677,	6,	'103',	'F-103',	1,	3865,	755,	30,	45,	8,	0,	NULL),
(678,	6,	'104',	'F-104',	1,	3900,	755,	30,	45,	8,	0,	NULL),
(679,	6,	'105',	'F-105',	1,	3940,	755,	30,	45,	8,	0,	NULL),
(680,	6,	'106',	'F-106',	1,	3975,	755,	30,	45,	8,	0,	NULL),
(681,	6,	'107',	'F-107',	1,	4015,	755,	30,	45,	8,	0,	NULL),
(682,	6,	'108',	'F-108',	1,	4050,	755,	30,	45,	8,	0,	NULL),
(683,	6,	'109',	'F-109',	1,	4090,	755,	30,	45,	8,	0,	NULL),
(684,	6,	'110',	'F-110',	1,	4125,	755,	30,	45,	8,	0,	NULL),
(685,	6,	'111',	'F-111',	1,	4165,	755,	30,	45,	8,	0,	NULL),
(686,	6,	'112',	'F-112',	0,	4200,	755,	30,	45,	8,	0,	NULL),
(687,	6,	'113',	'F-113',	0,	4240,	755,	30,	45,	8,	0,	NULL),
(688,	6,	'114',	'F-114',	1,	4275,	755,	30,	45,	8,	0,	NULL),
(689,	6,	'115',	'F-115',	1,	4315,	755,	30,	45,	8,	0,	NULL),
(690,	6,	'116',	'F-116',	1,	4350,	755,	30,	45,	8,	0,	NULL),
(691,	6,	'117',	'F-117',	1,	4390,	755,	30,	45,	8,	0,	NULL),
(692,	6,	'118',	'F-118',	1,	4425,	755,	30,	45,	8,	0,	NULL),
(693,	6,	'119',	'F-119',	1,	4465,	755,	30,	45,	8,	0,	NULL),
(694,	6,	'120',	'F-120',	1,	4500,	755,	30,	45,	8,	0,	NULL),
(695,	6,	'121',	'F-121',	1,	4540,	755,	30,	45,	8,	0,	NULL),
(696,	6,	'122',	'F-122',	1,	4575,	755,	30,	45,	8,	0,	NULL),
(697,	6,	'123',	'F-123',	1,	4615,	755,	30,	45,	8,	0,	NULL),
(698,	6,	'124',	'F-124',	1,	4650,	755,	30,	45,	8,	0,	NULL),
(699,	7,	'0',	'G-0',	0,	0,	705,	30,	45,	8,	0,	NULL),
(700,	7,	'1',	'G-1',	1,	40,	705,	30,	45,	8,	0,	NULL),
(701,	7,	'2',	'G-2',	1,	75,	705,	30,	45,	8,	0,	NULL),
(702,	7,	'3',	'G-3',	1,	115,	705,	30,	45,	8,	0,	NULL),
(703,	7,	'4',	'G-4',	1,	150,	705,	30,	45,	8,	0,	NULL),
(704,	7,	'5',	'G-5',	1,	190,	705,	30,	45,	8,	0,	NULL),
(705,	7,	'6',	'G-6',	1,	225,	705,	30,	45,	8,	0,	NULL),
(706,	7,	'7',	'G-7',	1,	265,	705,	30,	45,	8,	0,	NULL),
(707,	7,	'8',	'G-8',	1,	300,	705,	30,	45,	8,	0,	NULL),
(708,	7,	'9',	'G-9',	1,	340,	705,	30,	45,	8,	0,	NULL),
(709,	7,	'10',	'G-10',	1,	375,	705,	30,	45,	8,	0,	NULL),
(710,	7,	'11',	'G-11',	1,	415,	705,	30,	45,	8,	0,	NULL),
(711,	7,	'12',	'G-12',	1,	450,	705,	30,	45,	8,	0,	NULL),
(712,	7,	'13',	'G-13',	1,	490,	705,	30,	45,	8,	0,	NULL),
(713,	7,	'14',	'G-14',	1,	525,	705,	30,	45,	8,	0,	NULL),
(714,	7,	'15',	'G-15',	1,	565,	705,	30,	45,	8,	0,	NULL),
(715,	7,	'16',	'G-16',	1,	600,	705,	30,	45,	8,	0,	NULL),
(716,	7,	'17',	'G-17',	1,	640,	705,	30,	45,	8,	0,	NULL),
(717,	7,	'18',	'G-18',	1,	675,	705,	30,	45,	8,	0,	NULL),
(718,	7,	'19',	'G-19',	1,	715,	705,	30,	45,	8,	0,	NULL),
(719,	7,	'20',	'G-20',	1,	750,	705,	30,	45,	8,	0,	NULL),
(720,	7,	'21',	'G-21',	1,	790,	705,	30,	45,	8,	0,	NULL),
(721,	7,	'22',	'G-22',	1,	825,	705,	30,	45,	8,	0,	NULL),
(722,	7,	'23',	'G-23',	1,	865,	705,	30,	45,	8,	0,	NULL),
(723,	7,	'24',	'G-24',	1,	900,	705,	30,	45,	8,	0,	NULL),
(724,	7,	'25',	'G-25',	1,	940,	705,	30,	45,	8,	0,	NULL),
(725,	7,	'26',	'G-26',	1,	975,	705,	30,	45,	8,	0,	NULL),
(726,	7,	'27',	'G-27',	1,	1015,	705,	30,	45,	8,	0,	NULL),
(727,	7,	'28',	'G-28',	1,	1050,	705,	30,	45,	8,	0,	NULL),
(728,	7,	'29',	'G-29',	0,	1090,	705,	30,	45,	8,	0,	NULL),
(729,	7,	'30',	'G-30',	0,	1125,	705,	30,	45,	8,	0,	NULL),
(730,	7,	'31',	'G-31',	1,	1165,	705,	30,	45,	8,	0,	NULL),
(731,	7,	'32',	'G-32',	1,	1200,	705,	30,	45,	8,	0,	NULL),
(732,	7,	'33',	'G-33',	1,	1240,	705,	30,	45,	8,	0,	NULL),
(733,	7,	'34',	'G-34',	1,	1275,	705,	30,	45,	8,	0,	NULL),
(734,	7,	'35',	'G-35',	1,	1315,	705,	30,	45,	8,	0,	NULL),
(735,	7,	'36',	'G-36',	1,	1350,	705,	30,	45,	8,	0,	NULL),
(736,	7,	'37',	'G-37',	1,	1390,	705,	30,	45,	8,	0,	NULL),
(737,	7,	'38',	'G-38',	1,	1425,	705,	30,	45,	8,	0,	NULL),
(738,	7,	'39',	'G-39',	1,	1465,	705,	30,	45,	8,	0,	NULL),
(739,	7,	'40',	'G-40',	1,	1500,	705,	30,	45,	8,	0,	NULL),
(740,	7,	'41',	'G-41',	1,	1540,	705,	30,	45,	8,	0,	NULL),
(741,	7,	'42',	'G-42',	1,	1575,	705,	30,	45,	8,	0,	NULL),
(742,	7,	'43',	'G-43',	1,	1615,	705,	30,	45,	8,	0,	NULL),
(743,	7,	'44',	'G-44',	1,	1650,	705,	30,	45,	8,	0,	NULL),
(744,	7,	'45',	'G-45',	1,	1690,	705,	30,	45,	8,	0,	NULL),
(745,	7,	'46',	'G-46',	1,	1725,	705,	30,	45,	8,	0,	NULL),
(746,	7,	'47',	'G-47',	1,	1765,	705,	30,	45,	8,	0,	NULL),
(747,	7,	'48',	'G-48',	1,	1800,	705,	30,	45,	8,	0,	NULL),
(748,	7,	'49',	'G-49',	1,	1840,	705,	30,	45,	8,	0,	NULL),
(749,	7,	'50',	'G-50',	1,	1875,	705,	30,	45,	8,	0,	NULL),
(750,	7,	'51',	'G-51',	1,	1915,	705,	30,	45,	8,	0,	NULL),
(751,	7,	'52',	'G-52',	1,	1950,	705,	30,	45,	8,	0,	NULL),
(752,	7,	'53',	'G-53',	1,	1990,	705,	30,	45,	8,	0,	NULL),
(753,	7,	'54',	'G-54',	1,	2025,	705,	30,	45,	8,	0,	NULL),
(754,	7,	'55',	'G-55',	1,	2065,	705,	30,	45,	8,	0,	NULL),
(755,	7,	'56',	'G-56',	1,	2100,	705,	30,	45,	8,	0,	NULL),
(756,	7,	'57',	'G-57',	1,	2140,	705,	30,	45,	8,	0,	NULL),
(757,	7,	'58',	'G-58',	1,	2175,	705,	30,	45,	8,	0,	NULL),
(758,	7,	'59',	'G-59',	1,	2215,	705,	30,	45,	8,	0,	NULL),
(759,	7,	'60',	'G-60',	1,	2250,	705,	30,	45,	8,	0,	NULL),
(760,	7,	'61',	'G-61',	1,	2290,	705,	30,	45,	8,	0,	NULL),
(761,	7,	'62',	'G-62',	1,	2325,	705,	30,	45,	8,	0,	NULL),
(762,	7,	'63',	'G-63',	1,	2365,	705,	30,	45,	8,	0,	NULL),
(763,	7,	'64',	'G-64',	1,	2400,	705,	30,	45,	8,	0,	NULL),
(764,	7,	'65',	'G-65',	1,	2440,	705,	30,	45,	8,	0,	NULL),
(765,	7,	'66',	'G-66',	1,	2475,	705,	30,	45,	8,	0,	NULL),
(766,	7,	'67',	'G-67',	1,	2515,	705,	30,	45,	8,	0,	NULL),
(767,	7,	'68',	'G-68',	1,	2550,	705,	30,	45,	8,	0,	NULL),
(768,	7,	'69',	'G-69',	1,	2590,	705,	30,	45,	8,	0,	NULL),
(769,	7,	'70',	'G-70',	1,	2625,	705,	30,	45,	8,	0,	NULL),
(770,	7,	'71',	'G-71',	0,	2665,	705,	30,	45,	8,	0,	NULL),
(771,	7,	'72',	'G-72',	0,	2700,	705,	30,	45,	8,	0,	NULL),
(772,	7,	'73',	'G-73',	1,	2740,	705,	30,	45,	8,	0,	NULL),
(773,	7,	'74',	'G-74',	1,	2775,	705,	30,	45,	8,	0,	NULL),
(774,	7,	'75',	'G-75',	1,	2815,	705,	30,	45,	8,	0,	NULL),
(775,	7,	'76',	'G-76',	1,	2850,	705,	30,	45,	8,	0,	NULL),
(776,	7,	'77',	'G-77',	1,	2890,	705,	30,	45,	8,	0,	NULL),
(777,	7,	'78',	'G-78',	1,	2925,	705,	30,	45,	8,	0,	NULL),
(778,	7,	'79',	'G-79',	1,	2965,	705,	30,	45,	8,	0,	NULL),
(779,	7,	'80',	'G-80',	1,	3000,	705,	30,	45,	8,	0,	NULL),
(780,	7,	'81',	'G-81',	1,	3040,	705,	30,	45,	8,	0,	NULL),
(781,	7,	'82',	'G-82',	1,	3075,	705,	30,	45,	8,	0,	NULL),
(782,	7,	'83',	'G-83',	1,	3115,	705,	30,	45,	8,	0,	NULL),
(783,	7,	'84',	'G-84',	1,	3150,	705,	30,	45,	8,	0,	NULL),
(784,	7,	'85',	'G-85',	1,	3190,	705,	30,	45,	8,	0,	NULL),
(785,	7,	'86',	'G-86',	1,	3225,	705,	30,	45,	8,	0,	NULL),
(786,	7,	'87',	'G-87',	1,	3265,	705,	30,	45,	8,	0,	NULL),
(787,	7,	'88',	'G-88',	1,	3300,	705,	30,	45,	8,	0,	NULL),
(788,	7,	'89',	'G-89',	1,	3340,	705,	30,	45,	8,	0,	NULL),
(789,	7,	'90',	'G-90',	1,	3375,	705,	30,	45,	8,	0,	NULL),
(790,	7,	'91',	'G-91',	1,	3415,	705,	30,	45,	8,	0,	NULL),
(791,	7,	'92',	'G-92',	1,	3450,	705,	30,	45,	8,	0,	NULL),
(792,	7,	'93',	'G-93',	1,	3490,	705,	30,	45,	8,	0,	NULL),
(793,	7,	'94',	'G-94',	1,	3525,	705,	30,	45,	8,	0,	NULL),
(794,	7,	'95',	'G-95',	1,	3565,	705,	30,	45,	8,	0,	NULL),
(795,	7,	'96',	'G-96',	1,	3600,	705,	30,	45,	8,	0,	NULL),
(796,	7,	'97',	'G-97',	1,	3640,	705,	30,	45,	8,	0,	NULL),
(797,	7,	'98',	'G-98',	1,	3675,	705,	30,	45,	8,	0,	NULL),
(798,	7,	'99',	'G-99',	1,	3715,	705,	30,	45,	8,	0,	NULL),
(799,	7,	'100',	'G-100',	1,	3750,	705,	30,	45,	8,	0,	NULL),
(800,	7,	'101',	'G-101',	1,	3790,	705,	30,	45,	8,	0,	NULL),
(801,	7,	'102',	'G-102',	1,	3825,	705,	30,	45,	8,	0,	NULL),
(802,	7,	'103',	'G-103',	1,	3865,	705,	30,	45,	8,	0,	NULL),
(803,	7,	'104',	'G-104',	1,	3900,	705,	30,	45,	8,	0,	NULL),
(804,	7,	'105',	'G-105',	1,	3940,	705,	30,	45,	8,	0,	NULL),
(805,	7,	'106',	'G-106',	1,	3975,	705,	30,	45,	8,	0,	NULL),
(806,	7,	'107',	'G-107',	1,	4015,	705,	30,	45,	8,	0,	NULL),
(807,	7,	'108',	'G-108',	1,	4050,	705,	30,	45,	8,	0,	NULL),
(808,	7,	'109',	'G-109',	1,	4090,	705,	30,	45,	8,	0,	NULL),
(809,	7,	'110',	'G-110',	1,	4125,	705,	30,	45,	8,	0,	NULL),
(810,	7,	'111',	'G-111',	1,	4165,	705,	30,	45,	8,	0,	NULL),
(811,	7,	'112',	'G-112',	0,	4200,	705,	30,	45,	8,	0,	NULL),
(812,	7,	'113',	'G-113',	0,	4240,	705,	30,	45,	8,	0,	NULL),
(813,	7,	'114',	'G-114',	1,	4275,	705,	30,	45,	8,	0,	NULL),
(814,	7,	'115',	'G-115',	1,	4315,	705,	30,	45,	8,	0,	NULL),
(815,	7,	'116',	'G-116',	1,	4350,	705,	30,	45,	8,	0,	NULL),
(816,	7,	'117',	'G-117',	1,	4390,	705,	30,	45,	8,	0,	NULL),
(817,	7,	'118',	'G-118',	1,	4425,	705,	30,	45,	8,	0,	NULL),
(818,	7,	'119',	'G-119',	1,	4465,	705,	30,	45,	8,	0,	NULL),
(819,	7,	'120',	'G-120',	1,	4500,	705,	30,	45,	8,	0,	NULL),
(820,	7,	'121',	'G-121',	1,	4540,	705,	30,	45,	8,	0,	NULL),
(821,	7,	'122',	'G-122',	1,	4575,	705,	30,	45,	8,	0,	NULL),
(822,	7,	'123',	'G-123',	1,	4615,	705,	30,	45,	8,	0,	NULL),
(823,	7,	'124',	'G-124',	1,	4650,	705,	30,	45,	8,	0,	NULL),
(824,	8,	'0',	'H-0',	0,	0,	575,	30,	60,	12,	0,	NULL),
(825,	8,	'1',	'H-1',	1,	40,	575,	30,	60,	12,	0,	NULL),
(826,	8,	'2',	'H-2',	1,	75,	575,	30,	60,	12,	0,	NULL),
(827,	8,	'3',	'H-3',	1,	115,	575,	30,	60,	12,	0,	NULL),
(828,	8,	'4',	'H-4',	1,	150,	575,	30,	60,	12,	0,	NULL),
(829,	8,	'5',	'H-5',	1,	190,	575,	30,	60,	12,	0,	NULL),
(830,	8,	'6',	'H-6',	1,	225,	575,	30,	60,	12,	0,	NULL),
(831,	8,	'7',	'H-7',	1,	265,	575,	30,	60,	12,	0,	NULL),
(832,	8,	'8',	'H-8',	1,	300,	575,	30,	60,	12,	0,	NULL),
(833,	8,	'9',	'H-9',	1,	340,	575,	30,	60,	12,	0,	NULL),
(834,	8,	'10',	'H-10',	1,	375,	575,	30,	60,	12,	0,	NULL),
(835,	8,	'11',	'H-11',	1,	415,	575,	30,	60,	12,	0,	NULL),
(836,	8,	'12',	'H-12',	1,	450,	575,	30,	60,	12,	0,	NULL),
(837,	8,	'13',	'H-13',	1,	490,	575,	30,	60,	12,	0,	NULL),
(838,	8,	'14',	'H-14',	1,	525,	575,	30,	60,	12,	0,	NULL),
(839,	8,	'15',	'H-15',	1,	565,	575,	30,	60,	12,	0,	NULL),
(840,	8,	'16',	'H-16',	1,	600,	575,	30,	60,	12,	0,	NULL),
(841,	8,	'17',	'H-17',	1,	640,	575,	30,	60,	12,	0,	NULL),
(842,	8,	'18',	'H-18',	1,	675,	575,	30,	60,	12,	0,	NULL),
(843,	8,	'19',	'H-19',	1,	715,	575,	30,	60,	12,	0,	NULL),
(844,	8,	'20',	'H-20',	1,	750,	575,	30,	60,	12,	0,	NULL),
(845,	8,	'21',	'H-21',	1,	790,	575,	30,	60,	12,	0,	NULL),
(846,	8,	'22',	'H-22',	1,	825,	575,	30,	60,	12,	0,	NULL),
(847,	8,	'23',	'H-23',	1,	865,	575,	30,	60,	12,	0,	NULL),
(848,	8,	'24',	'H-24',	1,	900,	575,	30,	60,	12,	0,	NULL),
(849,	8,	'25',	'H-25',	1,	940,	575,	30,	60,	12,	0,	NULL),
(850,	8,	'26',	'H-26',	1,	975,	575,	30,	60,	12,	0,	NULL),
(851,	8,	'27',	'H-27',	1,	1015,	575,	30,	60,	12,	0,	NULL),
(852,	8,	'28',	'H-28',	1,	1050,	575,	30,	60,	12,	0,	NULL),
(853,	8,	'29',	'H-29',	0,	1090,	575,	30,	60,	12,	0,	NULL),
(854,	8,	'30',	'H-30',	0,	1125,	575,	30,	60,	12,	0,	NULL),
(855,	8,	'31',	'H-31',	1,	1165,	575,	30,	60,	12,	0,	NULL),
(856,	8,	'32',	'H-32',	1,	1200,	575,	30,	60,	12,	0,	NULL),
(857,	8,	'33',	'H-33',	1,	1240,	575,	30,	60,	12,	0,	NULL),
(858,	8,	'34',	'H-34',	1,	1275,	575,	30,	60,	12,	0,	NULL),
(859,	8,	'35',	'H-35',	1,	1315,	575,	30,	60,	12,	0,	NULL),
(860,	8,	'36',	'H-36',	1,	1350,	575,	30,	60,	12,	0,	NULL),
(861,	8,	'37',	'H-37',	1,	1390,	575,	30,	60,	12,	0,	NULL),
(862,	8,	'38',	'H-38',	1,	1425,	575,	30,	60,	12,	0,	NULL),
(863,	8,	'39',	'H-39',	1,	1465,	575,	30,	60,	12,	0,	NULL),
(864,	8,	'40',	'H-40',	1,	1500,	575,	30,	60,	12,	0,	NULL),
(865,	8,	'41',	'H-41',	1,	1540,	575,	30,	60,	12,	0,	NULL),
(866,	8,	'42',	'H-42',	1,	1575,	575,	30,	60,	12,	0,	NULL),
(867,	8,	'43',	'H-43',	1,	1615,	575,	30,	60,	12,	0,	NULL),
(868,	8,	'44',	'H-44',	1,	1650,	575,	30,	60,	12,	0,	NULL),
(869,	8,	'45',	'H-45',	1,	1690,	575,	30,	60,	12,	0,	NULL),
(870,	8,	'46',	'H-46',	1,	1725,	575,	30,	60,	12,	0,	NULL),
(871,	8,	'47',	'H-47',	1,	1765,	575,	30,	60,	12,	0,	NULL),
(872,	8,	'48',	'H-48',	1,	1800,	575,	30,	60,	12,	0,	NULL),
(873,	8,	'49',	'H-49',	1,	1840,	575,	30,	60,	12,	0,	NULL),
(874,	8,	'50',	'H-50',	1,	1875,	575,	30,	60,	12,	0,	NULL),
(875,	8,	'51',	'H-51',	1,	1915,	575,	30,	60,	12,	0,	NULL),
(876,	8,	'52',	'H-52',	1,	1950,	575,	30,	60,	12,	0,	NULL),
(877,	8,	'53',	'H-53',	1,	1990,	575,	30,	60,	12,	0,	NULL),
(878,	8,	'54',	'H-54',	1,	2025,	575,	30,	60,	12,	0,	NULL),
(879,	8,	'55',	'H-55',	1,	2065,	575,	30,	60,	12,	0,	NULL),
(880,	8,	'56',	'H-56',	1,	2100,	575,	30,	60,	12,	0,	NULL),
(881,	8,	'57',	'H-57',	1,	2140,	575,	30,	60,	12,	0,	NULL),
(882,	8,	'58',	'H-58',	1,	2175,	575,	30,	60,	12,	0,	NULL),
(883,	8,	'59',	'H-59',	1,	2215,	575,	30,	60,	12,	0,	NULL),
(884,	8,	'60',	'H-60',	1,	2250,	575,	30,	60,	12,	0,	NULL),
(885,	8,	'61',	'H-61',	1,	2290,	575,	30,	60,	12,	0,	NULL),
(886,	8,	'62',	'H-62',	1,	2325,	575,	30,	60,	12,	0,	NULL),
(887,	8,	'63',	'H-63',	1,	2365,	575,	30,	60,	12,	0,	NULL),
(888,	8,	'64',	'H-64',	1,	2400,	575,	30,	60,	12,	0,	NULL),
(889,	8,	'65',	'H-65',	1,	2440,	575,	30,	60,	12,	0,	NULL),
(890,	8,	'66',	'H-66',	1,	2475,	575,	30,	60,	12,	0,	NULL),
(891,	8,	'67',	'H-67',	1,	2515,	575,	30,	60,	12,	0,	NULL),
(892,	8,	'68',	'H-68',	1,	2550,	575,	30,	60,	12,	0,	NULL),
(893,	8,	'69',	'H-69',	1,	2590,	575,	30,	60,	12,	0,	NULL),
(894,	8,	'70',	'H-70',	1,	2625,	575,	30,	60,	12,	0,	NULL),
(895,	8,	'71',	'H-71',	0,	2665,	575,	30,	60,	12,	0,	NULL),
(896,	8,	'72',	'H-72',	0,	2700,	575,	30,	60,	12,	0,	NULL),
(897,	8,	'73',	'H-73',	1,	2740,	575,	30,	60,	12,	0,	NULL),
(898,	8,	'74',	'H-74',	1,	2775,	575,	30,	60,	12,	0,	NULL),
(899,	8,	'75',	'H-75',	1,	2815,	575,	30,	60,	12,	0,	NULL),
(900,	8,	'76',	'H-76',	1,	2850,	575,	30,	60,	12,	0,	NULL),
(901,	8,	'77',	'H-77',	1,	2890,	575,	30,	60,	12,	0,	NULL),
(902,	8,	'78',	'H-78',	1,	2925,	575,	30,	60,	12,	0,	NULL),
(903,	8,	'79',	'H-79',	1,	2965,	575,	30,	60,	12,	0,	NULL),
(904,	8,	'80',	'H-80',	1,	3000,	575,	30,	60,	12,	0,	NULL),
(905,	8,	'81',	'H-81',	1,	3040,	575,	30,	60,	12,	0,	NULL),
(906,	8,	'82',	'H-82',	1,	3075,	575,	30,	60,	12,	0,	NULL),
(907,	8,	'83',	'H-83',	1,	3115,	575,	30,	60,	12,	0,	NULL),
(908,	8,	'84',	'H-84',	1,	3150,	575,	30,	60,	12,	0,	NULL),
(909,	8,	'85',	'H-85',	1,	3190,	575,	30,	60,	12,	0,	NULL),
(910,	8,	'86',	'H-86',	1,	3225,	575,	30,	60,	12,	0,	NULL),
(911,	8,	'87',	'H-87',	1,	3265,	575,	30,	60,	12,	0,	NULL),
(912,	8,	'88',	'H-88',	1,	3300,	575,	30,	60,	12,	0,	NULL),
(913,	8,	'89',	'H-89',	1,	3340,	575,	30,	60,	12,	0,	NULL),
(914,	8,	'90',	'H-90',	1,	3375,	575,	30,	60,	12,	0,	NULL),
(915,	8,	'91',	'H-91',	1,	3415,	575,	30,	60,	12,	0,	NULL),
(916,	8,	'92',	'H-92',	1,	3450,	575,	30,	60,	12,	0,	NULL),
(917,	8,	'93',	'H-93',	1,	3490,	575,	30,	60,	12,	0,	NULL),
(918,	8,	'94',	'H-94',	1,	3525,	575,	30,	60,	12,	0,	NULL),
(919,	8,	'95',	'H-95',	1,	3565,	575,	30,	60,	12,	0,	NULL),
(920,	8,	'96',	'H-96',	1,	3600,	575,	30,	60,	12,	0,	NULL),
(921,	8,	'97',	'H-97',	1,	3640,	575,	30,	60,	12,	0,	NULL),
(922,	8,	'98',	'H-98',	1,	3675,	575,	30,	60,	12,	0,	NULL),
(923,	8,	'99',	'H-99',	1,	3715,	575,	30,	60,	12,	0,	NULL),
(924,	8,	'100',	'H-100',	1,	3750,	575,	30,	60,	12,	0,	NULL),
(925,	8,	'101',	'H-101',	1,	3790,	575,	30,	60,	12,	0,	NULL),
(926,	8,	'102',	'H-102',	1,	3825,	575,	30,	60,	12,	0,	NULL),
(927,	8,	'103',	'H-103',	1,	3865,	575,	30,	60,	12,	0,	NULL),
(928,	8,	'104',	'H-104',	1,	3900,	575,	30,	60,	12,	0,	NULL),
(929,	8,	'105',	'H-105',	1,	3940,	575,	30,	60,	12,	0,	NULL),
(930,	8,	'106',	'H-106',	1,	3975,	575,	30,	60,	12,	0,	NULL),
(931,	8,	'107',	'H-107',	1,	4015,	575,	30,	60,	12,	0,	NULL),
(932,	8,	'108',	'H-108',	1,	4050,	575,	30,	60,	12,	0,	NULL),
(933,	8,	'109',	'H-109',	1,	4090,	575,	30,	60,	12,	0,	NULL),
(934,	8,	'110',	'H-110',	1,	4125,	575,	30,	60,	12,	0,	NULL),
(935,	8,	'111',	'H-111',	1,	4165,	575,	30,	60,	12,	0,	NULL),
(936,	8,	'112',	'H-112',	0,	4200,	575,	30,	60,	12,	0,	NULL),
(937,	8,	'113',	'H-113',	0,	4240,	575,	30,	60,	12,	0,	NULL),
(938,	8,	'114',	'H-114',	1,	4275,	575,	30,	60,	12,	0,	NULL),
(939,	8,	'115',	'H-115',	1,	4315,	575,	30,	60,	12,	0,	NULL),
(940,	8,	'116',	'H-116',	1,	4350,	575,	30,	60,	12,	0,	NULL),
(941,	8,	'117',	'H-117',	1,	4390,	575,	30,	60,	12,	0,	NULL),
(942,	8,	'118',	'H-118',	1,	4425,	575,	30,	60,	12,	0,	NULL),
(943,	8,	'119',	'H-119',	1,	4465,	575,	30,	60,	12,	0,	NULL),
(944,	8,	'120',	'H-120',	1,	4500,	575,	30,	60,	12,	0,	NULL),
(945,	8,	'121',	'H-121',	1,	4540,	575,	30,	60,	12,	0,	NULL),
(946,	8,	'122',	'H-122',	1,	4575,	575,	30,	60,	12,	0,	NULL),
(947,	8,	'123',	'H-123',	1,	4615,	575,	30,	60,	12,	0,	NULL),
(948,	8,	'124',	'H-124',	1,	4650,	575,	30,	60,	12,	0,	NULL),
(949,	9,	'0',	'I-0',	0,	0,	510,	30,	60,	12,	0,	NULL),
(950,	9,	'1',	'I-1',	1,	40,	510,	30,	60,	12,	0,	NULL),
(951,	9,	'2',	'I-2',	1,	75,	510,	30,	60,	12,	0,	NULL),
(952,	9,	'3',	'I-3',	1,	115,	510,	30,	60,	12,	0,	NULL),
(953,	9,	'4',	'I-4',	1,	150,	510,	30,	60,	12,	0,	NULL),
(954,	9,	'5',	'I-5',	1,	190,	510,	30,	60,	12,	0,	NULL),
(955,	9,	'6',	'I-6',	1,	225,	510,	30,	60,	12,	0,	NULL),
(956,	9,	'7',	'I-7',	1,	265,	510,	30,	60,	12,	0,	NULL),
(957,	9,	'8',	'I-8',	1,	300,	510,	30,	60,	12,	0,	NULL),
(958,	9,	'9',	'I-9',	1,	340,	510,	30,	60,	12,	0,	NULL),
(959,	9,	'10',	'I-10',	1,	375,	510,	30,	60,	12,	0,	NULL),
(960,	9,	'11',	'I-11',	1,	415,	510,	30,	60,	12,	0,	NULL),
(961,	9,	'12',	'I-12',	1,	450,	510,	30,	60,	12,	0,	NULL),
(962,	9,	'13',	'I-13',	1,	490,	510,	30,	60,	12,	0,	NULL),
(963,	9,	'14',	'I-14',	1,	525,	510,	30,	60,	12,	0,	NULL),
(964,	9,	'15',	'I-15',	1,	565,	510,	30,	60,	12,	0,	NULL),
(965,	9,	'16',	'I-16',	1,	600,	510,	30,	60,	12,	0,	NULL),
(966,	9,	'17',	'I-17',	1,	640,	510,	30,	60,	12,	0,	NULL),
(967,	9,	'18',	'I-18',	1,	675,	510,	30,	60,	12,	0,	NULL),
(968,	9,	'19',	'I-19',	1,	715,	510,	30,	60,	12,	0,	NULL),
(969,	9,	'20',	'I-20',	1,	750,	510,	30,	60,	12,	0,	NULL),
(970,	9,	'21',	'I-21',	1,	790,	510,	30,	60,	12,	0,	NULL),
(971,	9,	'22',	'I-22',	1,	825,	510,	30,	60,	12,	0,	NULL),
(972,	9,	'23',	'I-23',	1,	865,	510,	30,	60,	12,	0,	NULL),
(973,	9,	'24',	'I-24',	1,	900,	510,	30,	60,	12,	0,	NULL),
(974,	9,	'25',	'I-25',	1,	940,	510,	30,	60,	12,	0,	NULL),
(975,	9,	'26',	'I-26',	1,	975,	510,	30,	60,	12,	0,	NULL),
(976,	9,	'27',	'I-27',	1,	1015,	510,	30,	60,	12,	0,	NULL),
(977,	9,	'28',	'I-28',	1,	1050,	510,	30,	60,	12,	0,	NULL),
(978,	9,	'29',	'I-29',	0,	1090,	510,	30,	60,	12,	0,	NULL),
(979,	9,	'30',	'I-30',	0,	1125,	510,	30,	60,	12,	0,	NULL),
(980,	9,	'31',	'I-31',	1,	1165,	510,	30,	60,	12,	0,	NULL),
(981,	9,	'32',	'I-32',	1,	1200,	510,	30,	60,	12,	0,	NULL),
(982,	9,	'33',	'I-33',	1,	1240,	510,	30,	60,	12,	0,	NULL),
(983,	9,	'34',	'I-34',	1,	1275,	510,	30,	60,	12,	0,	NULL),
(984,	9,	'35',	'I-35',	1,	1315,	510,	30,	60,	12,	0,	NULL),
(985,	9,	'36',	'I-36',	1,	1350,	510,	30,	60,	12,	0,	NULL),
(986,	9,	'37',	'I-37',	1,	1390,	510,	30,	60,	12,	0,	NULL),
(987,	9,	'38',	'I-38',	1,	1425,	510,	30,	60,	12,	0,	NULL),
(988,	9,	'39',	'I-39',	1,	1465,	510,	30,	60,	12,	0,	NULL),
(989,	9,	'40',	'I-40',	1,	1500,	510,	30,	60,	12,	0,	NULL),
(990,	9,	'41',	'I-41',	1,	1540,	510,	30,	60,	12,	0,	NULL),
(991,	9,	'42',	'I-42',	1,	1575,	510,	30,	60,	12,	0,	NULL),
(992,	9,	'43',	'I-43',	1,	1615,	510,	30,	60,	12,	0,	NULL),
(993,	9,	'44',	'I-44',	1,	1650,	510,	30,	60,	12,	0,	NULL),
(994,	9,	'45',	'I-45',	1,	1690,	510,	30,	60,	12,	0,	NULL),
(995,	9,	'46',	'I-46',	1,	1725,	510,	30,	60,	12,	0,	NULL),
(996,	9,	'47',	'I-47',	1,	1765,	510,	30,	60,	12,	0,	NULL),
(997,	9,	'48',	'I-48',	1,	1800,	510,	30,	60,	12,	0,	NULL),
(998,	9,	'49',	'I-49',	1,	1840,	510,	30,	60,	12,	0,	NULL),
(999,	9,	'50',	'I-50',	1,	1875,	510,	30,	60,	12,	0,	NULL),
(1000,	9,	'51',	'I-51',	1,	1915,	510,	30,	60,	12,	0,	NULL),
(1001,	9,	'52',	'I-52',	1,	1950,	510,	30,	60,	12,	0,	NULL),
(1002,	9,	'53',	'I-53',	1,	1990,	510,	30,	60,	12,	0,	NULL),
(1003,	9,	'54',	'I-54',	1,	2025,	510,	30,	60,	12,	0,	NULL),
(1004,	9,	'55',	'I-55',	1,	2065,	510,	30,	60,	12,	0,	NULL),
(1005,	9,	'56',	'I-56',	1,	2100,	510,	30,	60,	12,	0,	NULL),
(1006,	9,	'57',	'I-57',	1,	2140,	510,	30,	60,	12,	0,	NULL),
(1007,	9,	'58',	'I-58',	1,	2175,	510,	30,	60,	12,	0,	NULL),
(1008,	9,	'59',	'I-59',	1,	2215,	510,	30,	60,	12,	0,	NULL),
(1009,	9,	'60',	'I-60',	1,	2250,	510,	30,	60,	12,	0,	NULL),
(1010,	9,	'61',	'I-61',	1,	2290,	510,	30,	60,	12,	0,	NULL),
(1011,	9,	'62',	'I-62',	1,	2325,	510,	30,	60,	12,	0,	NULL),
(1012,	9,	'63',	'I-63',	1,	2365,	510,	30,	60,	12,	0,	NULL),
(1013,	9,	'64',	'I-64',	1,	2400,	510,	30,	60,	12,	0,	NULL),
(1014,	9,	'65',	'I-65',	1,	2440,	510,	30,	60,	12,	0,	NULL),
(1015,	9,	'66',	'I-66',	1,	2475,	510,	30,	60,	12,	0,	NULL),
(1016,	9,	'67',	'I-67',	1,	2515,	510,	30,	60,	12,	0,	NULL),
(1017,	9,	'68',	'I-68',	1,	2550,	510,	30,	60,	12,	0,	NULL),
(1018,	9,	'69',	'I-69',	1,	2590,	510,	30,	60,	12,	0,	NULL),
(1019,	9,	'70',	'I-70',	1,	2625,	510,	30,	60,	12,	0,	NULL),
(1020,	9,	'71',	'I-71',	0,	2665,	510,	30,	60,	12,	0,	NULL),
(1021,	9,	'72',	'I-72',	0,	2700,	510,	30,	60,	12,	0,	NULL),
(1022,	9,	'73',	'I-73',	1,	2740,	510,	30,	60,	12,	0,	NULL),
(1023,	9,	'74',	'I-74',	1,	2775,	510,	30,	60,	12,	0,	NULL),
(1024,	9,	'75',	'I-75',	1,	2815,	510,	30,	60,	12,	0,	NULL),
(1025,	9,	'76',	'I-76',	1,	2850,	510,	30,	60,	12,	0,	NULL),
(1026,	9,	'77',	'I-77',	1,	2890,	510,	30,	60,	12,	0,	NULL),
(1027,	9,	'78',	'I-78',	1,	2925,	510,	30,	60,	12,	0,	NULL),
(1028,	9,	'79',	'I-79',	1,	2965,	510,	30,	60,	12,	0,	NULL),
(1029,	9,	'80',	'I-80',	1,	3000,	510,	30,	60,	12,	0,	NULL),
(1030,	9,	'81',	'I-81',	1,	3040,	510,	30,	60,	12,	0,	NULL),
(1031,	9,	'82',	'I-82',	1,	3075,	510,	30,	60,	12,	0,	NULL),
(1032,	9,	'83',	'I-83',	1,	3115,	510,	30,	60,	12,	0,	NULL),
(1033,	9,	'84',	'I-84',	1,	3150,	510,	30,	60,	12,	0,	NULL),
(1034,	9,	'85',	'I-85',	1,	3190,	510,	30,	60,	12,	0,	NULL),
(1035,	9,	'86',	'I-86',	1,	3225,	510,	30,	60,	12,	0,	NULL),
(1036,	9,	'87',	'I-87',	1,	3265,	510,	30,	60,	12,	0,	NULL),
(1037,	9,	'88',	'I-88',	1,	3300,	510,	30,	60,	12,	0,	NULL),
(1038,	9,	'89',	'I-89',	1,	3340,	510,	30,	60,	12,	0,	NULL),
(1039,	9,	'90',	'I-90',	1,	3375,	510,	30,	60,	12,	0,	NULL),
(1040,	9,	'91',	'I-91',	1,	3415,	510,	30,	60,	12,	0,	NULL),
(1041,	9,	'92',	'I-92',	1,	3450,	510,	30,	60,	12,	0,	NULL),
(1042,	9,	'93',	'I-93',	1,	3490,	510,	30,	60,	12,	0,	NULL),
(1043,	9,	'94',	'I-94',	1,	3525,	510,	30,	60,	12,	0,	NULL),
(1044,	9,	'95',	'I-95',	1,	3565,	510,	30,	60,	12,	0,	NULL),
(1045,	9,	'96',	'I-96',	1,	3600,	510,	30,	60,	12,	0,	NULL),
(1046,	9,	'97',	'I-97',	1,	3640,	510,	30,	60,	12,	0,	NULL),
(1047,	9,	'98',	'I-98',	1,	3675,	510,	30,	60,	12,	0,	NULL),
(1048,	9,	'99',	'I-99',	1,	3715,	510,	30,	60,	12,	0,	NULL),
(1049,	9,	'100',	'I-100',	1,	3750,	510,	30,	60,	12,	0,	NULL),
(1050,	9,	'101',	'I-101',	1,	3790,	510,	30,	60,	12,	0,	NULL),
(1051,	9,	'102',	'I-102',	1,	3825,	510,	30,	60,	12,	0,	NULL),
(1052,	9,	'103',	'I-103',	1,	3865,	510,	30,	60,	12,	0,	NULL),
(1053,	9,	'104',	'I-104',	1,	3900,	510,	30,	60,	12,	0,	NULL),
(1054,	9,	'105',	'I-105',	1,	3940,	510,	30,	60,	12,	0,	NULL),
(1055,	9,	'106',	'I-106',	1,	3975,	510,	30,	60,	12,	0,	NULL),
(1056,	9,	'107',	'I-107',	1,	4015,	510,	30,	60,	12,	0,	NULL),
(1057,	9,	'108',	'I-108',	1,	4050,	510,	30,	60,	12,	0,	NULL),
(1058,	9,	'109',	'I-109',	1,	4090,	510,	30,	60,	12,	0,	NULL),
(1059,	9,	'110',	'I-110',	1,	4125,	510,	30,	60,	12,	0,	NULL),
(1060,	9,	'111',	'I-111',	1,	4165,	510,	30,	60,	12,	0,	NULL),
(1061,	9,	'112',	'I-112',	0,	4200,	510,	30,	60,	12,	0,	NULL),
(1062,	9,	'113',	'I-113',	0,	4240,	510,	30,	60,	12,	0,	NULL),
(1063,	9,	'114',	'I-114',	1,	4275,	510,	30,	60,	12,	0,	NULL),
(1064,	9,	'115',	'I-115',	1,	4315,	510,	30,	60,	12,	0,	NULL),
(1065,	9,	'116',	'I-116',	1,	4350,	510,	30,	60,	12,	0,	NULL),
(1066,	9,	'117',	'I-117',	1,	4390,	510,	30,	60,	12,	0,	NULL),
(1067,	9,	'118',	'I-118',	1,	4425,	510,	30,	60,	12,	0,	NULL),
(1068,	9,	'119',	'I-119',	1,	4465,	510,	30,	60,	12,	0,	NULL),
(1069,	9,	'120',	'I-120',	1,	4500,	510,	30,	60,	12,	0,	NULL),
(1070,	9,	'121',	'I-121',	1,	4540,	510,	30,	60,	12,	0,	NULL),
(1071,	9,	'122',	'I-122',	1,	4575,	510,	30,	60,	12,	0,	NULL),
(1072,	9,	'123',	'I-123',	1,	4615,	510,	30,	60,	12,	0,	NULL),
(1073,	9,	'124',	'I-124',	1,	4650,	510,	30,	60,	12,	0,	NULL),
(1074,	10,	'1',	'J-1',	1,	1425,	395,	30,	45,	8,	0,	NULL),
(1075,	10,	'2',	'J-2',	1,	1465,	395,	30,	45,	8,	0,	NULL),
(1076,	10,	'3',	'J-3',	1,	1500,	395,	30,	45,	8,	0,	NULL),
(1077,	10,	'4',	'J-4',	1,	1540,	395,	30,	45,	8,	0,	NULL),
(1078,	10,	'5',	'J-5',	1,	1575,	395,	30,	45,	8,	0,	NULL),
(1079,	10,	'6',	'J-6',	1,	1615,	395,	30,	45,	8,	0,	NULL),
(1080,	10,	'7',	'J-7',	1,	1650,	395,	30,	45,	8,	0,	NULL),
(1081,	10,	'8',	'J-8',	1,	1690,	395,	30,	45,	8,	0,	NULL),
(1082,	10,	'9',	'J-9',	1,	1725,	395,	30,	45,	8,	0,	NULL),
(1083,	10,	'10',	'J-10',	1,	1765,	395,	30,	45,	8,	0,	NULL),
(1084,	10,	'11',	'J-11',	1,	1800,	395,	30,	45,	8,	0,	NULL),
(1085,	10,	'12',	'J-12',	1,	1840,	395,	30,	45,	8,	0,	NULL),
(1086,	10,	'13',	'J-13',	1,	1875,	395,	30,	45,	8,	0,	NULL),
(1087,	10,	'14',	'J-14',	1,	1915,	395,	30,	45,	8,	0,	NULL),
(1088,	10,	'15',	'J-15',	1,	1950,	395,	30,	45,	8,	0,	NULL),
(1089,	10,	'16',	'J-16',	1,	1990,	395,	30,	45,	8,	0,	NULL),
(1090,	10,	'17',	'J-17',	1,	2025,	395,	30,	45,	8,	0,	NULL),
(1091,	10,	'18',	'J-18',	1,	2065,	395,	30,	45,	8,	0,	NULL),
(1092,	10,	'19',	'J-19',	1,	2100,	395,	30,	45,	8,	0,	NULL),
(1093,	10,	'20',	'J-20',	1,	2140,	395,	30,	45,	8,	0,	NULL),
(1094,	10,	'21',	'J-21',	1,	2175,	395,	30,	45,	8,	0,	NULL),
(1095,	10,	'22',	'J-22',	1,	2215,	395,	30,	45,	8,	0,	NULL),
(1096,	10,	'23',	'J-23',	1,	2250,	395,	30,	45,	8,	0,	NULL),
(1097,	10,	'24',	'J-24',	1,	2290,	395,	30,	45,	8,	0,	NULL),
(1098,	10,	'25',	'J-25',	1,	2325,	395,	30,	45,	8,	0,	NULL),
(1099,	10,	'26',	'J-26',	1,	2365,	395,	30,	45,	8,	0,	NULL),
(1100,	10,	'27',	'J-27',	1,	2400,	395,	30,	45,	8,	0,	NULL),
(1101,	10,	'28',	'J-28',	1,	2440,	395,	30,	45,	8,	0,	NULL),
(1102,	10,	'29',	'J-29',	1,	2475,	395,	30,	45,	8,	0,	NULL),
(1103,	10,	'30',	'J-30',	1,	2515,	395,	30,	45,	8,	0,	NULL),
(1104,	10,	'31',	'J-31',	1,	2550,	395,	30,	45,	8,	0,	NULL),
(1105,	10,	'32',	'J-32',	1,	2590,	395,	30,	45,	8,	0,	NULL),
(1106,	10,	'33',	'J-33',	1,	2625,	395,	30,	45,	8,	0,	NULL),
(1107,	10,	'34',	'J-34',	0,	2665,	395,	30,	45,	8,	0,	NULL),
(1108,	10,	'35',	'J-35',	0,	2700,	395,	30,	45,	8,	0,	NULL),
(1109,	10,	'36',	'J-36',	1,	2740,	395,	30,	45,	8,	0,	NULL),
(1110,	10,	'37',	'J-37',	1,	2775,	395,	30,	45,	8,	0,	NULL),
(1111,	10,	'38',	'J-38',	1,	2815,	395,	30,	45,	8,	0,	NULL),
(1112,	10,	'39',	'J-39',	1,	2850,	395,	30,	45,	8,	0,	NULL),
(1113,	10,	'40',	'J-40',	1,	2890,	395,	30,	45,	8,	0,	NULL),
(1114,	10,	'41',	'J-41',	1,	2925,	395,	30,	45,	8,	0,	NULL),
(1115,	10,	'42',	'J-42',	1,	2965,	395,	30,	45,	8,	0,	NULL),
(1116,	10,	'43',	'J-43',	1,	3000,	395,	30,	45,	8,	0,	NULL),
(1117,	10,	'44',	'J-44',	1,	3040,	395,	30,	45,	8,	0,	NULL),
(1118,	10,	'45',	'J-45',	1,	3075,	395,	30,	45,	8,	0,	NULL),
(1119,	10,	'46',	'J-46',	1,	3115,	395,	30,	45,	8,	0,	NULL),
(1120,	10,	'47',	'J-47',	1,	3150,	395,	30,	45,	8,	0,	NULL),
(1121,	10,	'48',	'J-48',	1,	3190,	395,	30,	45,	8,	0,	NULL),
(1122,	10,	'49',	'J-49',	1,	3225,	395,	30,	45,	8,	0,	NULL),
(1123,	10,	'50',	'J-50',	1,	3265,	395,	30,	45,	8,	0,	NULL),
(1124,	10,	'51',	'J-51',	1,	3300,	395,	30,	45,	8,	0,	NULL),
(1125,	10,	'52',	'J-52',	1,	3340,	395,	30,	45,	8,	0,	NULL),
(1126,	10,	'53',	'J-53',	1,	3375,	395,	30,	45,	8,	0,	NULL),
(1127,	10,	'54',	'J-54',	1,	3415,	395,	30,	45,	8,	0,	NULL),
(1128,	10,	'55',	'J-55',	1,	3450,	395,	30,	45,	8,	0,	NULL),
(1129,	10,	'56',	'J-56',	1,	3490,	395,	30,	45,	8,	0,	NULL),
(1130,	10,	'57',	'J-57',	1,	3525,	395,	30,	45,	8,	0,	NULL),
(1131,	10,	'58',	'J-58',	1,	3565,	395,	30,	45,	8,	0,	NULL),
(1132,	10,	'59',	'J-59',	1,	3600,	395,	30,	45,	8,	0,	NULL),
(1133,	10,	'60',	'J-60',	1,	3640,	395,	30,	45,	8,	0,	NULL),
(1134,	10,	'61',	'J-61',	1,	3675,	395,	30,	45,	8,	0,	NULL),
(1135,	10,	'62',	'J-62',	1,	3715,	395,	30,	45,	8,	0,	NULL),
(1136,	10,	'63',	'J-63',	1,	3750,	395,	30,	45,	8,	0,	NULL),
(1137,	10,	'64',	'J-64',	1,	3790,	395,	30,	45,	8,	0,	NULL),
(1138,	10,	'65',	'J-65',	1,	3825,	395,	30,	45,	8,	0,	NULL),
(1139,	10,	'66',	'J-66',	1,	3865,	395,	30,	45,	8,	0,	NULL),
(1140,	10,	'67',	'J-67',	1,	3900,	395,	30,	45,	8,	0,	NULL),
(1141,	10,	'68',	'J-68',	1,	3940,	395,	30,	45,	8,	0,	NULL),
(1142,	10,	'69',	'J-69',	1,	3975,	395,	30,	45,	8,	0,	NULL),
(1143,	10,	'70',	'J-70',	1,	4015,	395,	30,	45,	8,	0,	NULL),
(1144,	10,	'71',	'J-71',	1,	4050,	395,	30,	45,	8,	0,	NULL),
(1145,	10,	'72',	'J-72',	1,	4090,	395,	30,	45,	8,	0,	NULL),
(1146,	10,	'73',	'J-73',	1,	4125,	395,	30,	45,	8,	0,	NULL),
(1147,	10,	'74',	'J-74',	1,	4165,	395,	30,	45,	8,	0,	NULL),
(1148,	10,	'75',	'J-75',	0,	4200,	395,	30,	45,	8,	0,	NULL),
(1149,	10,	'76',	'J-76',	0,	4240,	395,	30,	45,	8,	0,	NULL),
(1150,	10,	'77',	'J-77',	1,	4275,	395,	30,	45,	8,	0,	NULL),
(1151,	10,	'78',	'J-78',	1,	4315,	395,	30,	45,	8,	0,	NULL),
(1152,	10,	'79',	'J-79',	1,	4350,	395,	30,	45,	8,	0,	NULL),
(1153,	10,	'80',	'J-80',	1,	4390,	395,	30,	45,	8,	0,	NULL),
(1154,	10,	'81',	'J-81',	1,	4425,	395,	30,	45,	8,	0,	NULL),
(1155,	10,	'82',	'J-82',	1,	4465,	395,	30,	45,	8,	0,	NULL),
(1156,	10,	'83',	'J-83',	1,	4500,	395,	30,	45,	8,	0,	NULL),
(1157,	10,	'84',	'J-84',	1,	4540,	395,	30,	45,	8,	0,	NULL),
(1158,	10,	'85',	'J-85',	1,	4575,	395,	30,	45,	8,	0,	NULL),
(1159,	10,	'86',	'J-86',	1,	4615,	395,	30,	45,	8,	0,	NULL),
(1160,	10,	'87',	'J-87',	1,	4650,	395,	30,	45,	8,	0,	NULL),
(1161,	11,	'1',	'K-1',	1,	1425,	345,	30,	45,	8,	0,	NULL),
(1162,	11,	'2',	'K-2',	1,	1465,	345,	30,	45,	8,	0,	NULL),
(1163,	11,	'3',	'K-3',	1,	1500,	345,	30,	45,	8,	0,	NULL),
(1164,	11,	'4',	'K-4',	1,	1540,	345,	30,	45,	8,	0,	NULL),
(1165,	11,	'5',	'K-5',	1,	1575,	345,	30,	45,	8,	0,	NULL),
(1166,	11,	'6',	'K-6',	1,	1615,	345,	30,	45,	8,	0,	NULL),
(1167,	11,	'7',	'K-7',	1,	1650,	345,	30,	45,	8,	0,	NULL),
(1168,	11,	'8',	'K-8',	1,	1690,	345,	30,	45,	8,	0,	NULL),
(1169,	11,	'9',	'K-9',	1,	1725,	345,	30,	45,	8,	0,	NULL),
(1170,	11,	'10',	'K-10',	1,	1765,	345,	30,	45,	8,	0,	NULL),
(1171,	11,	'11',	'K-11',	1,	1800,	345,	30,	45,	8,	0,	NULL),
(1172,	11,	'12',	'K-12',	1,	1840,	345,	30,	45,	8,	0,	NULL),
(1173,	11,	'13',	'K-13',	1,	1875,	345,	30,	45,	8,	0,	NULL),
(1174,	11,	'14',	'K-14',	1,	1915,	345,	30,	45,	8,	0,	NULL),
(1175,	11,	'15',	'K-15',	1,	1950,	345,	30,	45,	8,	0,	NULL),
(1176,	11,	'16',	'K-16',	1,	1990,	345,	30,	45,	8,	0,	NULL),
(1177,	11,	'17',	'K-17',	1,	2025,	345,	30,	45,	8,	0,	NULL),
(1178,	11,	'18',	'K-18',	1,	2065,	345,	30,	45,	8,	0,	NULL),
(1179,	11,	'19',	'K-19',	1,	2100,	345,	30,	45,	8,	0,	NULL),
(1180,	11,	'20',	'K-20',	1,	2140,	345,	30,	45,	8,	0,	NULL),
(1181,	11,	'21',	'K-21',	1,	2175,	345,	30,	45,	8,	0,	NULL),
(1182,	11,	'22',	'K-22',	1,	2215,	345,	30,	45,	8,	0,	NULL),
(1183,	11,	'23',	'K-23',	1,	2250,	345,	30,	45,	8,	0,	NULL),
(1184,	11,	'24',	'K-24',	1,	2290,	345,	30,	45,	8,	0,	NULL),
(1185,	11,	'25',	'K-25',	1,	2325,	345,	30,	45,	8,	0,	NULL),
(1186,	11,	'26',	'K-26',	1,	2365,	345,	30,	45,	8,	0,	NULL),
(1187,	11,	'27',	'K-27',	1,	2400,	345,	30,	45,	8,	0,	NULL),
(1188,	11,	'28',	'K-28',	1,	2440,	345,	30,	45,	8,	0,	NULL),
(1189,	11,	'29',	'K-29',	1,	2475,	345,	30,	45,	8,	0,	NULL),
(1190,	11,	'30',	'K-30',	1,	2515,	345,	30,	45,	8,	0,	NULL),
(1191,	11,	'31',	'K-31',	1,	2550,	345,	30,	45,	8,	0,	NULL),
(1192,	11,	'32',	'K-32',	1,	2590,	345,	30,	45,	8,	0,	NULL),
(1193,	11,	'33',	'K-33',	1,	2625,	345,	30,	45,	8,	0,	NULL),
(1194,	11,	'34',	'K-34',	0,	2665,	345,	30,	45,	8,	0,	NULL),
(1195,	11,	'35',	'K-35',	0,	2700,	345,	30,	45,	8,	0,	NULL),
(1196,	11,	'36',	'K-36',	1,	2740,	345,	30,	45,	8,	0,	NULL),
(1197,	11,	'37',	'K-37',	1,	2775,	345,	30,	45,	8,	0,	NULL),
(1198,	11,	'38',	'K-38',	1,	2815,	345,	30,	45,	8,	0,	NULL),
(1199,	11,	'39',	'K-39',	1,	2850,	345,	30,	45,	8,	0,	NULL),
(1200,	11,	'40',	'K-40',	1,	2890,	345,	30,	45,	8,	0,	NULL),
(1201,	11,	'41',	'K-41',	1,	2925,	345,	30,	45,	8,	0,	NULL),
(1202,	11,	'42',	'K-42',	1,	2965,	345,	30,	45,	8,	0,	NULL),
(1203,	11,	'43',	'K-43',	1,	3000,	345,	30,	45,	8,	0,	NULL),
(1204,	11,	'44',	'K-44',	1,	3040,	345,	30,	45,	8,	0,	NULL),
(1205,	11,	'45',	'K-45',	1,	3075,	345,	30,	45,	8,	0,	NULL),
(1206,	11,	'46',	'K-46',	1,	3115,	345,	30,	45,	8,	0,	NULL),
(1207,	11,	'47',	'K-47',	1,	3150,	345,	30,	45,	8,	0,	NULL),
(1208,	11,	'48',	'K-48',	1,	3190,	345,	30,	45,	8,	0,	NULL),
(1209,	11,	'49',	'K-49',	1,	3225,	345,	30,	45,	8,	0,	NULL),
(1210,	11,	'50',	'K-50',	1,	3265,	345,	30,	45,	8,	0,	NULL),
(1211,	11,	'51',	'K-51',	1,	3300,	345,	30,	45,	8,	0,	NULL),
(1212,	11,	'52',	'K-52',	1,	3340,	345,	30,	45,	8,	0,	NULL),
(1213,	11,	'53',	'K-53',	1,	3375,	345,	30,	45,	8,	0,	NULL),
(1214,	11,	'54',	'K-54',	1,	3415,	345,	30,	45,	8,	0,	NULL),
(1215,	11,	'55',	'K-55',	1,	3450,	345,	30,	45,	8,	0,	NULL),
(1216,	11,	'56',	'K-56',	1,	3490,	345,	30,	45,	8,	0,	NULL),
(1217,	11,	'57',	'K-57',	1,	3525,	345,	30,	45,	8,	0,	NULL),
(1218,	11,	'58',	'K-58',	1,	3565,	345,	30,	45,	8,	0,	NULL),
(1219,	11,	'59',	'K-59',	1,	3600,	345,	30,	45,	8,	0,	NULL),
(1220,	11,	'60',	'K-60',	1,	3640,	345,	30,	45,	8,	0,	NULL),
(1221,	11,	'61',	'K-61',	1,	3675,	345,	30,	45,	8,	0,	NULL),
(1222,	11,	'62',	'K-62',	1,	3715,	345,	30,	45,	8,	0,	NULL),
(1223,	11,	'63',	'K-63',	1,	3750,	345,	30,	45,	8,	0,	NULL),
(1224,	11,	'64',	'K-64',	1,	3790,	345,	30,	45,	8,	0,	NULL),
(1225,	11,	'65',	'K-65',	1,	3825,	345,	30,	45,	8,	0,	NULL),
(1226,	11,	'66',	'K-66',	1,	3865,	345,	30,	45,	8,	0,	NULL),
(1227,	11,	'67',	'K-67',	1,	3900,	345,	30,	45,	8,	0,	NULL),
(1228,	11,	'68',	'K-68',	1,	3940,	345,	30,	45,	8,	0,	NULL),
(1229,	11,	'69',	'K-69',	1,	3975,	345,	30,	45,	8,	0,	NULL),
(1230,	11,	'70',	'K-70',	1,	4015,	345,	30,	45,	8,	0,	NULL),
(1231,	11,	'71',	'K-71',	1,	4050,	345,	30,	45,	8,	0,	NULL),
(1232,	11,	'72',	'K-72',	1,	4090,	345,	30,	45,	8,	0,	NULL),
(1233,	11,	'73',	'K-73',	1,	4125,	345,	30,	45,	8,	0,	NULL),
(1234,	11,	'74',	'K-74',	1,	4165,	345,	30,	45,	8,	0,	NULL),
(1235,	11,	'75',	'K-75',	0,	4200,	345,	30,	45,	8,	0,	NULL),
(1236,	11,	'76',	'K-76',	0,	4240,	345,	30,	45,	8,	0,	NULL),
(1237,	11,	'77',	'K-77',	1,	4275,	345,	30,	45,	8,	0,	NULL),
(1238,	11,	'78',	'K-78',	1,	4315,	345,	30,	45,	8,	0,	NULL),
(1239,	11,	'79',	'K-79',	1,	4350,	345,	30,	45,	8,	0,	NULL),
(1240,	11,	'80',	'K-80',	1,	4390,	345,	30,	45,	8,	0,	NULL),
(1241,	11,	'81',	'K-81',	1,	4425,	345,	30,	45,	8,	0,	NULL),
(1242,	11,	'82',	'K-82',	1,	4465,	345,	30,	45,	8,	0,	NULL),
(1243,	11,	'83',	'K-83',	1,	4500,	345,	30,	45,	8,	0,	NULL),
(1244,	11,	'84',	'K-84',	1,	4540,	345,	30,	45,	8,	0,	NULL),
(1245,	11,	'85',	'K-85',	1,	4575,	345,	30,	45,	8,	0,	NULL),
(1246,	11,	'86',	'K-86',	1,	4615,	345,	30,	45,	8,	0,	NULL),
(1247,	11,	'87',	'K-87',	1,	4650,	345,	30,	45,	8,	0,	NULL),
(1248,	12,	'1',	'L-1',	1,	1425,	230,	30,	45,	8,	0,	NULL),
(1249,	12,	'2',	'L-2',	1,	1465,	230,	30,	45,	8,	0,	NULL),
(1250,	12,	'3',	'L-3',	1,	1500,	230,	30,	45,	8,	0,	NULL),
(1251,	12,	'4',	'L-4',	1,	1540,	230,	30,	45,	8,	0,	NULL),
(1252,	12,	'5',	'L-5',	1,	1575,	230,	30,	45,	8,	0,	NULL),
(1253,	12,	'6',	'L-6',	1,	1615,	230,	30,	45,	8,	0,	NULL),
(1254,	12,	'7',	'L-7',	1,	1650,	230,	30,	45,	8,	0,	NULL),
(1255,	12,	'8',	'L-8',	1,	1690,	230,	30,	45,	8,	0,	NULL),
(1256,	12,	'9',	'L-9',	1,	1725,	230,	30,	45,	8,	0,	NULL),
(1257,	12,	'10',	'L-10',	1,	1765,	230,	30,	45,	8,	0,	NULL),
(1258,	12,	'11',	'L-11',	1,	1800,	230,	30,	45,	8,	0,	NULL),
(1259,	12,	'12',	'L-12',	1,	1840,	230,	30,	45,	8,	0,	NULL),
(1260,	12,	'13',	'L-13',	1,	1875,	230,	30,	45,	8,	0,	NULL),
(1261,	12,	'14',	'L-14',	1,	1915,	230,	30,	45,	8,	0,	NULL),
(1262,	12,	'15',	'L-15',	1,	1950,	230,	30,	45,	8,	0,	NULL),
(1263,	12,	'16',	'L-16',	1,	1990,	230,	30,	45,	8,	0,	NULL),
(1264,	12,	'17',	'L-17',	1,	2025,	230,	30,	45,	8,	0,	NULL),
(1265,	12,	'18',	'L-18',	1,	2065,	230,	30,	45,	8,	0,	NULL),
(1266,	12,	'19',	'L-19',	1,	2100,	230,	30,	45,	8,	0,	NULL),
(1267,	12,	'20',	'L-20',	1,	2140,	230,	30,	45,	8,	0,	NULL),
(1268,	12,	'21',	'L-21',	1,	2175,	230,	30,	45,	8,	0,	NULL),
(1269,	12,	'22',	'L-22',	1,	2215,	230,	30,	45,	8,	0,	NULL),
(1270,	12,	'23',	'L-23',	1,	2250,	230,	30,	45,	8,	0,	NULL),
(1271,	12,	'24',	'L-24',	1,	2290,	230,	30,	45,	8,	0,	NULL),
(1272,	12,	'25',	'L-25',	1,	2325,	230,	30,	45,	8,	0,	NULL),
(1273,	12,	'26',	'L-26',	1,	2365,	230,	30,	45,	8,	0,	NULL),
(1274,	12,	'27',	'L-27',	1,	2400,	230,	30,	45,	8,	0,	NULL),
(1275,	12,	'28',	'L-28',	1,	2440,	230,	30,	45,	8,	0,	NULL),
(1276,	12,	'29',	'L-29',	1,	2475,	230,	30,	45,	8,	0,	NULL),
(1277,	12,	'30',	'L-30',	1,	2515,	230,	30,	45,	8,	0,	NULL),
(1278,	12,	'31',	'L-31',	1,	2550,	230,	30,	45,	8,	0,	NULL),
(1279,	12,	'32',	'L-32',	1,	2590,	230,	30,	45,	8,	0,	NULL),
(1280,	12,	'33',	'L-33',	1,	2625,	230,	30,	45,	8,	0,	NULL),
(1281,	12,	'34',	'L-34',	0,	2665,	230,	30,	45,	8,	0,	NULL),
(1282,	12,	'35',	'L-35',	0,	2700,	230,	30,	45,	8,	0,	NULL),
(1283,	12,	'36',	'L-36',	1,	2740,	230,	30,	45,	8,	0,	NULL),
(1284,	12,	'37',	'L-37',	1,	2775,	230,	30,	45,	8,	0,	NULL),
(1285,	12,	'38',	'L-38',	1,	2815,	230,	30,	45,	8,	0,	NULL),
(1286,	12,	'39',	'L-39',	1,	2850,	230,	30,	45,	8,	0,	NULL),
(1287,	12,	'40',	'L-40',	1,	2890,	230,	30,	45,	8,	0,	NULL),
(1288,	12,	'41',	'L-41',	1,	2925,	230,	30,	45,	8,	0,	NULL),
(1289,	12,	'42',	'L-42',	1,	2965,	230,	30,	45,	8,	0,	NULL),
(1290,	12,	'43',	'L-43',	1,	3000,	230,	30,	45,	8,	0,	NULL),
(1291,	12,	'44',	'L-44',	1,	3040,	230,	30,	45,	8,	0,	NULL),
(1292,	12,	'45',	'L-45',	1,	3075,	230,	30,	45,	8,	0,	NULL),
(1293,	12,	'46',	'L-46',	1,	3115,	230,	30,	45,	8,	0,	NULL),
(1294,	12,	'47',	'L-47',	1,	3150,	230,	30,	45,	8,	0,	NULL),
(1295,	12,	'48',	'L-48',	1,	3190,	230,	30,	45,	8,	0,	NULL),
(1296,	12,	'49',	'L-49',	1,	3225,	230,	30,	45,	8,	0,	NULL),
(1297,	12,	'50',	'L-50',	1,	3265,	230,	30,	45,	8,	0,	NULL),
(1298,	12,	'51',	'L-51',	1,	3300,	230,	30,	45,	8,	0,	NULL),
(1299,	12,	'52',	'L-52',	1,	3340,	230,	30,	45,	8,	0,	NULL),
(1300,	12,	'53',	'L-53',	1,	3375,	230,	30,	45,	8,	0,	NULL),
(1301,	12,	'54',	'L-54',	1,	3415,	230,	30,	45,	8,	0,	NULL),
(1302,	12,	'55',	'L-55',	1,	3450,	230,	30,	45,	8,	0,	NULL),
(1303,	12,	'56',	'L-56',	1,	3490,	230,	30,	45,	8,	0,	NULL),
(1304,	12,	'57',	'L-57',	1,	3525,	230,	30,	45,	8,	0,	NULL),
(1305,	12,	'58',	'L-58',	1,	3565,	230,	30,	45,	8,	0,	NULL),
(1306,	12,	'59',	'L-59',	1,	3600,	230,	30,	45,	8,	0,	NULL),
(1307,	12,	'60',	'L-60',	1,	3640,	230,	30,	45,	8,	0,	NULL),
(1308,	12,	'61',	'L-61',	1,	3675,	230,	30,	45,	8,	0,	NULL),
(1309,	12,	'62',	'L-62',	1,	3715,	230,	30,	45,	8,	0,	NULL),
(1310,	12,	'63',	'L-63',	1,	3750,	230,	30,	45,	8,	0,	NULL),
(1311,	12,	'64',	'L-64',	1,	3790,	230,	30,	45,	8,	0,	NULL),
(1312,	12,	'65',	'L-65',	1,	3825,	230,	30,	45,	8,	0,	NULL),
(1313,	12,	'66',	'L-66',	1,	3865,	230,	30,	45,	8,	0,	NULL),
(1314,	12,	'67',	'L-67',	1,	3900,	230,	30,	45,	8,	0,	NULL),
(1315,	12,	'68',	'L-68',	1,	3940,	230,	30,	45,	8,	0,	NULL),
(1316,	12,	'69',	'L-69',	1,	3975,	230,	30,	45,	8,	0,	NULL),
(1317,	12,	'70',	'L-70',	1,	4015,	230,	30,	45,	8,	0,	NULL),
(1318,	12,	'71',	'L-71',	1,	4050,	230,	30,	45,	8,	0,	NULL),
(1319,	12,	'72',	'L-72',	1,	4090,	230,	30,	45,	8,	0,	NULL),
(1320,	12,	'73',	'L-73',	1,	4125,	230,	30,	45,	8,	0,	NULL),
(1321,	12,	'74',	'L-74',	1,	4165,	230,	30,	45,	8,	0,	NULL),
(1322,	12,	'75',	'L-75',	0,	4200,	230,	30,	45,	8,	0,	NULL),
(1323,	12,	'76',	'L-76',	0,	4240,	230,	30,	45,	8,	0,	NULL),
(1324,	12,	'77',	'L-77',	1,	4275,	230,	30,	45,	8,	0,	NULL),
(1325,	12,	'78',	'L-78',	1,	4315,	230,	30,	45,	8,	0,	NULL),
(1326,	12,	'79',	'L-79',	1,	4350,	230,	30,	45,	8,	0,	NULL),
(1327,	12,	'80',	'L-80',	1,	4390,	230,	30,	45,	8,	0,	NULL),
(1328,	12,	'81',	'L-81',	1,	4425,	230,	30,	45,	8,	0,	NULL),
(1329,	12,	'82',	'L-82',	1,	4465,	230,	30,	45,	8,	0,	NULL),
(1330,	12,	'83',	'L-83',	1,	4500,	230,	30,	45,	8,	0,	NULL),
(1331,	12,	'84',	'L-84',	1,	4540,	230,	30,	45,	8,	0,	NULL),
(1332,	12,	'85',	'L-85',	1,	4575,	230,	30,	45,	8,	0,	NULL),
(1333,	12,	'86',	'L-86',	1,	4615,	230,	30,	45,	8,	0,	NULL),
(1334,	12,	'87',	'L-87',	1,	4650,	230,	30,	45,	8,	0,	NULL),
(1335,	13,	'1',	'M-1',	1,	1425,	180,	30,	45,	8,	0,	NULL),
(1336,	13,	'2',	'M-2',	1,	1465,	180,	30,	45,	8,	0,	NULL),
(1337,	13,	'3',	'M-3',	1,	1500,	180,	30,	45,	8,	0,	NULL),
(1338,	13,	'4',	'M-4',	1,	1540,	180,	30,	45,	8,	0,	NULL),
(1339,	13,	'5',	'M-5',	1,	1575,	180,	30,	45,	8,	0,	NULL),
(1340,	13,	'6',	'M-6',	1,	1615,	180,	30,	45,	8,	0,	NULL),
(1341,	13,	'7',	'M-7',	1,	1650,	180,	30,	45,	8,	0,	NULL),
(1342,	13,	'8',	'M-8',	1,	1690,	180,	30,	45,	8,	0,	NULL),
(1343,	13,	'9',	'M-9',	1,	1725,	180,	30,	45,	8,	0,	NULL),
(1344,	13,	'10',	'M-10',	1,	1765,	180,	30,	45,	8,	0,	NULL),
(1345,	13,	'11',	'M-11',	1,	1800,	180,	30,	45,	8,	0,	NULL),
(1346,	13,	'12',	'M-12',	1,	1840,	180,	30,	45,	8,	0,	NULL),
(1347,	13,	'13',	'M-13',	1,	1875,	180,	30,	45,	8,	0,	NULL),
(1348,	13,	'14',	'M-14',	1,	1915,	180,	30,	45,	8,	0,	NULL),
(1349,	13,	'15',	'M-15',	1,	1950,	180,	30,	45,	8,	0,	NULL),
(1350,	13,	'16',	'M-16',	1,	1990,	180,	30,	45,	8,	0,	NULL),
(1351,	13,	'17',	'M-17',	1,	2025,	180,	30,	45,	8,	0,	NULL),
(1352,	13,	'18',	'M-18',	1,	2065,	180,	30,	45,	8,	0,	NULL),
(1353,	13,	'19',	'M-19',	1,	2100,	180,	30,	45,	8,	0,	NULL),
(1354,	13,	'20',	'M-20',	1,	2140,	180,	30,	45,	8,	0,	NULL),
(1355,	13,	'21',	'M-21',	1,	2175,	180,	30,	45,	8,	0,	NULL),
(1356,	13,	'22',	'M-22',	1,	2215,	180,	30,	45,	8,	0,	NULL),
(1357,	13,	'23',	'M-23',	1,	2250,	180,	30,	45,	8,	0,	NULL),
(1358,	13,	'24',	'M-24',	1,	2290,	180,	30,	45,	8,	0,	NULL),
(1359,	13,	'25',	'M-25',	1,	2325,	180,	30,	45,	8,	0,	NULL),
(1360,	13,	'26',	'M-26',	1,	2365,	180,	30,	45,	8,	0,	NULL),
(1361,	13,	'27',	'M-27',	1,	2400,	180,	30,	45,	8,	0,	NULL),
(1362,	13,	'28',	'M-28',	1,	2440,	180,	30,	45,	8,	0,	NULL),
(1363,	13,	'29',	'M-29',	1,	2475,	180,	30,	45,	8,	0,	NULL),
(1364,	13,	'30',	'M-30',	1,	2515,	180,	30,	45,	8,	0,	NULL),
(1365,	13,	'31',	'M-31',	1,	2550,	180,	30,	45,	8,	0,	NULL),
(1366,	13,	'32',	'M-32',	1,	2590,	180,	30,	45,	8,	0,	NULL),
(1367,	13,	'33',	'M-33',	1,	2625,	180,	30,	45,	8,	0,	NULL),
(1368,	13,	'34',	'M-34',	0,	2665,	180,	30,	45,	8,	0,	NULL),
(1369,	13,	'61',	'M-61',	1,	3675,	180,	30,	45,	8,	0,	NULL),
(1370,	13,	'62',	'M-62',	1,	3715,	180,	30,	45,	8,	0,	NULL),
(1371,	13,	'63',	'M-63',	1,	3750,	180,	30,	45,	8,	0,	NULL),
(1372,	13,	'64',	'M-64',	1,	3790,	180,	30,	45,	8,	0,	NULL),
(1373,	13,	'65',	'M-65',	1,	3825,	180,	30,	45,	8,	0,	NULL),
(1374,	13,	'66',	'M-66',	1,	3865,	180,	30,	45,	8,	0,	NULL),
(1375,	13,	'67',	'M-67',	1,	3900,	180,	30,	45,	8,	0,	NULL),
(1376,	13,	'68',	'M-68',	1,	3940,	180,	30,	45,	8,	0,	NULL),
(1377,	13,	'69',	'M-69',	1,	3975,	180,	30,	45,	8,	0,	NULL),
(1378,	13,	'70',	'M-70',	1,	4015,	180,	30,	45,	8,	0,	NULL),
(1379,	13,	'71',	'M-71',	1,	4050,	180,	30,	45,	8,	0,	NULL),
(1380,	13,	'72',	'M-72',	1,	4090,	180,	30,	45,	8,	0,	NULL),
(1381,	13,	'73',	'M-73',	1,	4125,	180,	30,	45,	8,	0,	NULL),
(1382,	13,	'74',	'M-74',	1,	4165,	180,	30,	45,	8,	0,	NULL),
(1383,	13,	'75',	'M-75',	0,	4200,	180,	30,	45,	8,	0,	NULL),
(1384,	13,	'76',	'M-76',	0,	4240,	180,	30,	45,	8,	0,	NULL),
(1385,	13,	'77',	'M-77',	1,	4275,	180,	30,	45,	8,	0,	NULL),
(1386,	13,	'78',	'M-78',	1,	4315,	180,	30,	45,	8,	0,	NULL),
(1387,	13,	'79',	'M-79',	1,	4350,	180,	30,	45,	8,	0,	NULL),
(1388,	13,	'80',	'M-80',	1,	4390,	180,	30,	45,	8,	0,	NULL),
(1389,	13,	'81',	'M-81',	1,	4425,	180,	30,	45,	8,	0,	NULL),
(1390,	13,	'82',	'M-82',	1,	4465,	180,	30,	45,	8,	0,	NULL),
(1391,	13,	'83',	'M-83',	1,	4500,	180,	30,	45,	8,	0,	NULL),
(1392,	13,	'84',	'M-84',	1,	4540,	180,	30,	45,	8,	0,	NULL),
(1393,	13,	'85',	'M-85',	1,	4575,	180,	30,	45,	8,	0,	NULL),
(1394,	13,	'86',	'M-86',	1,	4615,	180,	30,	45,	8,	0,	NULL),
(1395,	13,	'87',	'M-87',	1,	4650,	180,	30,	45,	8,	0,	NULL),
(1396,	14,	'1',	'N-1',	1,	1425,	50,	30,	60,	12,	0,	NULL),
(1397,	14,	'2',	'N-2',	1,	1465,	50,	30,	60,	12,	0,	NULL),
(1398,	14,	'3',	'N-3',	1,	1500,	50,	30,	60,	12,	0,	NULL),
(1399,	14,	'4',	'N-4',	1,	1540,	50,	30,	60,	12,	0,	NULL),
(1400,	14,	'5',	'N-5',	1,	1575,	50,	30,	60,	12,	0,	NULL),
(1401,	14,	'6',	'N-6',	1,	1615,	50,	30,	60,	12,	0,	NULL),
(1402,	14,	'7',	'N-7',	1,	1650,	50,	30,	60,	12,	0,	NULL),
(1403,	14,	'8',	'N-8',	1,	1690,	50,	30,	60,	12,	0,	NULL),
(1404,	14,	'9',	'N-9',	1,	1725,	50,	30,	60,	12,	0,	NULL),
(1405,	14,	'10',	'N-10',	1,	1765,	50,	30,	60,	12,	0,	NULL),
(1406,	14,	'11',	'N-11',	1,	1800,	50,	30,	60,	12,	0,	NULL),
(1407,	14,	'12',	'N-12',	1,	1840,	50,	30,	60,	12,	0,	NULL),
(1408,	14,	'13',	'N-13',	1,	1875,	50,	30,	60,	12,	0,	NULL),
(1409,	14,	'14',	'N-14',	1,	1915,	50,	30,	60,	12,	0,	NULL),
(1410,	14,	'15',	'N-15',	1,	1950,	50,	30,	60,	12,	0,	NULL),
(1411,	14,	'16',	'N-16',	1,	1990,	50,	30,	60,	12,	0,	NULL),
(1412,	14,	'17',	'N-17',	1,	2025,	50,	30,	60,	12,	0,	NULL),
(1413,	14,	'18',	'N-18',	1,	2065,	50,	30,	60,	12,	0,	NULL),
(1414,	14,	'19',	'N-19',	1,	2100,	50,	30,	60,	12,	0,	NULL),
(1415,	14,	'20',	'N-20',	1,	2140,	50,	30,	60,	12,	0,	NULL),
(1416,	14,	'21',	'N-21',	1,	2175,	50,	30,	60,	12,	0,	NULL),
(1417,	14,	'22',	'N-22',	1,	2215,	50,	30,	60,	12,	0,	NULL),
(1418,	14,	'23',	'N-23',	1,	2250,	50,	30,	60,	12,	0,	NULL),
(1419,	14,	'24',	'N-24',	1,	2290,	50,	30,	60,	12,	0,	NULL),
(1420,	14,	'25',	'N-25',	1,	2325,	50,	30,	60,	12,	0,	NULL),
(1421,	14,	'26',	'N-26',	1,	2365,	50,	30,	60,	12,	0,	NULL),
(1422,	14,	'27',	'N-27',	1,	2400,	50,	30,	60,	12,	0,	NULL),
(1423,	14,	'28',	'N-28',	1,	2440,	50,	30,	60,	12,	0,	NULL),
(1424,	14,	'75',	'N-75',	0,	4200,	50,	30,	60,	12,	0,	NULL),
(1425,	14,	'76',	'N-76',	0,	4240,	50,	30,	60,	12,	0,	NULL),
(1426,	14,	'77',	'N-77',	1,	4275,	50,	30,	60,	12,	0,	NULL),
(1427,	14,	'78',	'N-78',	1,	4315,	50,	30,	60,	12,	0,	NULL),
(1428,	14,	'79',	'N-79',	1,	4350,	50,	30,	60,	12,	0,	NULL),
(1429,	14,	'80',	'N-80',	1,	4390,	50,	30,	60,	12,	0,	NULL),
(1430,	14,	'81',	'N-81',	1,	4425,	50,	30,	60,	12,	0,	NULL),
(1431,	14,	'82',	'N-82',	1,	4465,	50,	30,	60,	12,	0,	NULL),
(1432,	14,	'83',	'N-83',	1,	4500,	50,	30,	60,	12,	0,	NULL),
(1433,	14,	'84',	'N-84',	1,	4540,	50,	30,	60,	12,	0,	NULL),
(1434,	14,	'85',	'N-85',	1,	4575,	50,	30,	60,	12,	0,	NULL),
(1435,	14,	'86',	'N-86',	1,	4615,	50,	30,	60,	12,	0,	NULL),
(1436,	14,	'87',	'N-87',	1,	4650,	50,	30,	60,	12,	0,	NULL),
(1437,	15,	'1',	'O-1',	1,	1425,	0,	30,	45,	12,	0,	NULL),
(1438,	15,	'2',	'O-2',	1,	1465,	0,	30,	45,	12,	0,	NULL),
(1439,	15,	'3',	'O-3',	1,	1500,	0,	30,	45,	12,	0,	NULL),
(1440,	15,	'4',	'O-4',	1,	1540,	0,	30,	45,	12,	0,	NULL),
(1441,	15,	'5',	'O-5',	1,	1575,	0,	30,	45,	12,	0,	NULL),
(1442,	15,	'6',	'O-6',	1,	1615,	0,	30,	45,	12,	0,	NULL),
(1443,	15,	'7',	'O-7',	1,	1650,	0,	30,	45,	12,	0,	NULL),
(1444,	15,	'8',	'O-8',	1,	1690,	0,	30,	45,	12,	0,	NULL),
(1445,	15,	'9',	'O-9',	1,	1725,	0,	30,	45,	12,	0,	NULL),
(1446,	15,	'10',	'O-10',	1,	1765,	0,	30,	45,	12,	0,	NULL),
(1447,	15,	'11',	'O-11',	1,	1800,	0,	30,	45,	12,	0,	NULL),
(1448,	15,	'12',	'O-12',	1,	1840,	0,	30,	45,	12,	0,	NULL),
(1449,	15,	'13',	'O-13',	1,	1875,	0,	30,	45,	12,	0,	NULL),
(1450,	15,	'14',	'O-14',	1,	1915,	0,	30,	45,	12,	0,	NULL),
(1451,	15,	'15',	'O-15',	1,	1950,	0,	30,	45,	12,	0,	NULL),
(1452,	15,	'16',	'O-16',	1,	1990,	0,	30,	45,	12,	0,	NULL),
(1453,	15,	'17',	'O-17',	1,	2025,	0,	30,	45,	12,	0,	NULL),
(1454,	15,	'18',	'O-18',	1,	2065,	0,	30,	45,	12,	0,	NULL),
(1455,	15,	'19',	'O-19',	1,	2100,	0,	30,	45,	12,	0,	NULL),
(1456,	15,	'20',	'O-20',	1,	2140,	0,	30,	45,	12,	0,	NULL),
(1457,	15,	'21',	'O-21',	1,	2175,	0,	30,	45,	12,	0,	NULL),
(1458,	15,	'22',	'O-22',	1,	2215,	0,	30,	45,	12,	0,	NULL),
(1459,	15,	'23',	'O-23',	1,	2250,	0,	30,	45,	12,	0,	NULL),
(1460,	15,	'24',	'O-24',	1,	2290,	0,	30,	45,	12,	0,	NULL),
(1461,	15,	'25',	'O-25',	1,	2325,	0,	30,	45,	12,	0,	NULL),
(1462,	15,	'26',	'O-26',	1,	2365,	0,	30,	45,	12,	0,	NULL),
(1463,	15,	'27',	'O-27',	1,	2400,	0,	30,	45,	12,	0,	NULL),
(1464,	15,	'28',	'O-28',	1,	2440,	0,	30,	45,	12,	0,	NULL),
(1465,	15,	'75',	'O-75',	0,	4200,	0,	30,	45,	12,	0,	NULL),
(1466,	15,	'76',	'O-76',	0,	4240,	0,	30,	45,	12,	0,	NULL),
(1467,	15,	'77',	'O-77',	1,	4275,	0,	30,	45,	12,	0,	NULL),
(1468,	15,	'78',	'O-78',	1,	4315,	0,	30,	45,	12,	0,	NULL),
(1469,	15,	'79',	'O-79',	1,	4350,	0,	30,	45,	12,	0,	NULL),
(1470,	15,	'80',	'O-80',	1,	4390,	0,	30,	45,	12,	0,	NULL),
(1471,	15,	'81',	'O-81',	1,	4425,	0,	30,	45,	12,	0,	NULL),
(1472,	15,	'82',	'O-82',	1,	4465,	0,	30,	45,	12,	0,	NULL),
(1473,	15,	'83',	'O-83',	1,	4500,	0,	30,	45,	12,	0,	NULL),
(1474,	15,	'84',	'O-84',	1,	4540,	0,	30,	45,	12,	0,	NULL),
(1475,	15,	'85',	'O-85',	1,	4575,	0,	30,	45,	12,	0,	NULL),
(1476,	15,	'86',	'O-86',	1,	4615,	0,	30,	45,	12,	0,	NULL),
(1477,	15,	'87',	'O-87',	1,	4650,	0,	30,	45,	12,	0,	NULL),
(1478,	17,	'1',	'R-1',	1,	1050,	136,	30,	24,	4,	0,	NULL),
(1479,	17,	'2',	'R-2',	1,	1050,	164,	30,	24,	4,	0,	NULL),
(1480,	17,	'3',	'R-3',	1,	1050,	192,	30,	24,	4,	0,	NULL),
(1481,	17,	'4',	'R-4',	1,	1050,	220,	30,	24,	4,	0,	NULL),
(1482,	17,	'5',	'R-5',	1,	1050,	248,	30,	24,	4,	0,	NULL),
(1483,	17,	'6',	'R-6',	1,	1050,	276,	30,	24,	4,	0,	NULL),
(1484,	17,	'7',	'R-7',	1,	1050,	304,	30,	24,	4,	0,	NULL),
(1485,	17,	'8',	'R-8',	1,	1050,	332,	30,	24,	4,	0,	NULL),
(1486,	17,	'9',	'R-9',	1,	1050,	360,	30,	24,	4,	0,	NULL),
(1487,	17,	'10',	'R-10',	1,	1050,	388,	30,	24,	4,	0,	NULL),
(1488,	17,	'11',	'R-11',	1,	1050,	416,	30,	24,	4,	0,	NULL),
(1489,	16,	'1',	'P-1',	1,	300,	136,	30,	304,	48,	0,	NULL),
(1490,	16,	'2',	'P-2',	1,	340,	136,	30,	304,	48,	0,	NULL),
(1491,	16,	'3',	'P-3',	1,	375,	136,	30,	304,	48,	0,	NULL),
(1492,	16,	'4',	'P-4',	1,	415,	136,	30,	304,	48,	0,	NULL),
(1493,	16,	'5',	'P-5',	1,	450,	136,	30,	304,	48,	0,	NULL),
(1494,	16,	'6',	'P-6',	1,	490,	136,	30,	304,	48,	0,	NULL),
(1495,	16,	'7',	'P-7',	1,	525,	136,	30,	304,	48,	0,	NULL),
(1496,	16,	'8',	'P-8',	1,	565,	136,	30,	304,	48,	0,	NULL),
(1497,	16,	'9',	'P-9',	1,	600,	136,	30,	304,	48,	0,	NULL),
(1498,	16,	'10',	'P-10',	1,	640,	136,	30,	304,	48,	0,	NULL),
(1499,	16,	'11',	'P-11',	1,	675,	136,	30,	304,	48,	0,	NULL),
(1500,	16,	'12',	'P-12',	1,	715,	136,	30,	304,	48,	0,	NULL),
(1501,	16,	'13',	'P-13',	1,	750,	136,	30,	304,	48,	0,	NULL),
(1502,	16,	'14',	'P-14',	1,	790,	136,	30,	304,	48,	0,	NULL),
(1503,	16,	'15',	'P-15',	1,	825,	136,	30,	304,	48,	0,	NULL),
(1504,	16,	'16',	'P-16',	1,	865,	136,	30,	304,	48,	0,	NULL),
(1505,	16,	'17',	'P-17',	1,	900,	136,	30,	304,	48,	0,	NULL),
(1506,	16,	'18',	'P-18',	1,	940,	136,	30,	304,	48,	0,	NULL),
(1507,	16,	'19',	'P-19',	1,	975,	136,	30,	304,	48,	0,	NULL),
(1508,	16,	'20',	'P-20',	1,	1015,	136,	30,	304,	48,	0,	NULL),
(1509,	18,	'1',	'Q-1',	1,	225,	136,	70,	24,	8,	0,	NULL),
(1510,	18,	'2',	'Q-2',	1,	225,	168,	70,	24,	8,	0,	NULL),
(1511,	18,	'3',	'Q-3',	1,	225,	199,	70,	24,	8,	0,	NULL),
(1512,	18,	'4',	'Q-4',	1,	225,	230,	70,	24,	8,	0,	NULL),
(1513,	18,	'5',	'Q-5',	1,	225,	261,	70,	24,	8,	0,	NULL),
(1514,	18,	'6',	'Q-6',	1,	225,	292,	70,	24,	8,	0,	NULL),
(1515,	18,	'7',	'Q-7',	1,	225,	323,	70,	24,	8,	0,	NULL),
(1516,	18,	'8',	'Q-8',	1,	225,	354,	70,	24,	8,	0,	NULL),
(1517,	18,	'9',	'Q-9',	1,	225,	385,	70,	24,	8,	0,	NULL),
(1518,	18,	'10',	'Q-10',	1,	225,	416,	70,	24,	8,	0,	NULL),
(1519,	19,	'1',	'RC1',	1,	1200,	136,	145,	126,	12,	0,	NULL),
(1520,	20,	'1',	'RC2',	1,	1200,	313,	145,	127,	12,	0,	NULL),
(1521,	23,	'EP',	'EMPTY PALLET',	1,	1200,	0,	145,	110,	0,	0,	NULL),
(1522,	23,	'ST',	'STATION AREA',	1,	1200,	263,	145,	49,	0,	0,	NULL);

INSERT INTO `item_type` (`id`, `name`, `is_batch`, `is_container`) VALUES
(1,	'Ban',	1,	0),
(2,	'Sticker',	0,	0),
(3,	'Pallet',	0,	1);

INSERT INTO `item_category` (`id`, `type_id`, `parent_id`, `name`, `note`) VALUES
(1,	1,	NULL,	'DB',	NULL),
(2,	1,	NULL,	'IMPORT',	NULL),
(3,	1,	NULL,	'MC BIG',	NULL),
(4,	1,	NULL,	'MC SMALL',	NULL),
(5,	1,	NULL,	'PCR',	NULL),
(6,	1,	NULL,	'TB',	NULL),
(7,	2,	NULL,	'PCR',	NULL),
(8,	2,	NULL,	'MC BIG',	NULL),
(9,	2,	NULL,	'EXPORT',	NULL),
(10,	2,	NULL,	'TB',	NULL),
(11,	2,	NULL,	'DB',	NULL);

INSERT INTO `item_group` (`id`, `type_id`, `name`, `note`) VALUES
(1,	1,	'DB',	NULL),
(2,	1,	'EXPORT JAPAN',	NULL),
(3,	1,	'IMPORT',	NULL),
(4,	1,	'MC BIG',	NULL),
(5,	1,	'MC SMALL',	NULL),
(6,	1,	'PCR4',	NULL),
(7,	1,	'PCR6',	NULL),
(8,	1,	'TB',	NULL),
(9,	2,	'REPLACE',	NULL),
(10,	2,	'FALKEN EXPORT',	NULL),
(11,	2,	'FALKEN LOKAL',	NULL),
(12,	2,	'SP TOURING RUSIA',	NULL),
(13,	2,	'SAND TYRE',	NULL);

INSERT INTO `item` (`id`, `group_id`, `type_id`, `category_id`, `preferred_area`, `code`, `name`, `stock`, `is_active`, `image`, `barcode_number`, `barcode_image`, `note`) VALUES
(1,	8,	1,	6,	NULL,	'C11010',	'825-20 14PR LE WT Z',	0,	1,	NULL,	NULL,	NULL,	NULL),
(2,	8,	1,	6,	NULL,	'C11400',	'900-20 14PR RM9 WT Z',	0,	1,	NULL,	NULL,	NULL,	NULL),
(3,	8,	1,	6,	NULL,	'C11520',	'900-20 14PR LE XLS WT Z',	0,	1,	NULL,	NULL,	NULL,	NULL),
(4,	8,	1,	6,	NULL,	'C11540',	'900-20 14PR LE WT Z',	0,	1,	NULL,	NULL,	NULL,	NULL),
(5,	8,	1,	6,	NULL,	'C12020',	'1000-20 14PR LE WT Z',	0,	1,	NULL,	NULL,	NULL,	NULL),
(6,	8,	1,	6,	NULL,	'C12300',	'1000-20 16PR RM9 WT Z',	0,	1,	NULL,	NULL,	NULL,	NULL),
(7,	8,	1,	6,	NULL,	'C12510',	'1000-20 16PR LE WT Z',	0,	1,	NULL,	NULL,	NULL,	NULL),
(8,	8,	1,	6,	NULL,	'C13000',	'1000-20 16PR PLM WT Z',	0,	1,	NULL,	NULL,	NULL,	NULL),
(9,	8,	1,	6,	NULL,	'C13500',	'1100-20 16PR LE WT Z',	0,	1,	NULL,	NULL,	NULL,	NULL),
(10,	8,	1,	6,	NULL,	'C14000',	'1100-20 16PR PLM WT Z',	0,	1,	NULL,	NULL,	NULL,	NULL),
(11,	1,	1,	1,	NULL,	'C36000',	'750-16 14PR DR2 WT Z',	0,	1,	NULL,	NULL,	NULL,	NULL),
(12,	1,	1,	1,	NULL,	'C36010',	'700-16 14PR DR2 WT Z',	0,	1,	NULL,	NULL,	NULL,	NULL),
(13,	1,	1,	1,	NULL,	'C36240',	'750-16 14PR TKM WT Z',	0,	1,	NULL,	NULL,	NULL,	NULL),
(14,	1,	1,	1,	NULL,	'C36510',	'825-16 14PR DR2 WT Z',	0,	1,	NULL,	NULL,	NULL,	NULL),
(21,	1,	1,	1,	NULL,	'C39150',	'T125/90 D16 MZ MK3 N1 DE ~',	0,	1,	NULL,	NULL,	NULL,	NULL),
(22,	1,	1,	1,	NULL,	'C39370',	'T155/70 D17 MZ MK3 ~',	0,	1,	NULL,	NULL,	NULL,	NULL),
(23,	1,	1,	1,	NULL,	'C39390',	'T115/70 D14 88M FK090 U2 DE',	0,	1,	NULL,	NULL,	NULL,	NULL),
(24,	1,	1,	1,	NULL,	'C39570',	'T125/70 D16 MZ MK3 DE ~',	0,	1,	NULL,	NULL,	NULL,	NULL),
(25,	6,	1,	5,	NULL,	'C40120',	'195/65 R15 91T ASPEN JP D',	0,	1,	NULL,	NULL,	NULL,	NULL),
(26,	6,	1,	5,	NULL,	'C40230',	'225/60 R16 98T ASPEN JP D',	0,	1,	NULL,	NULL,	NULL,	NULL),
(38,	6,	1,	5,	NULL,	'C40450',	'205/55 R16 91H SPTRGT1 W',	0,	1,	NULL,	NULL,	NULL,	NULL),
(39,	6,	1,	5,	NULL,	'C40460',	'165/60 R14 75T SPTRGT1 W',	0,	1,	NULL,	NULL,	NULL,	NULL),
(40,	6,	1,	5,	NULL,	'C40480',	'185/60 R14 82H SPTRGT1 E',	0,	1,	NULL,	NULL,	NULL,	NULL),
(43,	6,	1,	5,	NULL,	'C40520',	'195/60 R16 89H SPTRGT1 W',	0,	1,	NULL,	NULL,	NULL,	NULL),
(44,	6,	1,	5,	NULL,	'C40660',	'175/70 R12 80T SPTRGT1 E',	0,	1,	NULL,	NULL,	NULL,	NULL),
(45,	6,	1,	5,	NULL,	'C40740',	'195/70 R14 91H SPTRGT1 E',	0,	1,	NULL,	NULL,	NULL,	NULL),
(46,	6,	1,	5,	NULL,	'C40760',	'145/80 R12 74S SPTRGT1 E',	0,	1,	NULL,	NULL,	NULL,	NULL),
(47,	6,	1,	5,	NULL,	'C40770',	'155/80 R12 77S SPTRGT1 E',	0,	1,	NULL,	NULL,	NULL,	NULL),
(48,	6,	1,	5,	NULL,	'C40810',	'165/65 R13 77T SPTRGT1',	0,	1,	NULL,	NULL,	NULL,	NULL),
(49,	6,	1,	5,	NULL,	'C40820',	'195/65 R14 89T SPTRGT1 3G',	0,	1,	NULL,	NULL,	NULL,	NULL),
(50,	6,	1,	5,	NULL,	'C40830',	'185/65 R15 88T SPTRGT1 JP 3G',	0,	1,	NULL,	NULL,	NULL,	NULL),
(51,	6,	1,	5,	NULL,	'C40840',	'195/65 R15 91T SPTRGT1 JP 3G',	0,	1,	NULL,	NULL,	NULL,	NULL),
(52,	6,	1,	5,	NULL,	'C40850',	'205/65 R15 94T SPTRGT1 JP 3G',	0,	1,	NULL,	NULL,	NULL,	NULL),
(53,	6,	1,	5,	NULL,	'C40860',	'215/65 R15 96T SPTRGT1 3G',	0,	1,	NULL,	NULL,	NULL,	NULL),
(55,	6,	1,	5,	NULL,	'C40880',	'165/70 R13 79T SPTRGT1 3G',	0,	1,	NULL,	NULL,	NULL,	NULL),
(56,	6,	1,	5,	NULL,	'C40890',	'175/70 R13 82T SPTRGT1 JP 3G',	0,	1,	NULL,	NULL,	NULL,	NULL),
(57,	6,	1,	5,	NULL,	'C40900',	'185/70 R13 86T SPTRGT1 3G',	0,	1,	NULL,	NULL,	NULL,	NULL),
(58,	6,	1,	5,	NULL,	'C40910',	'175/70 R14 84T SPTRGT1 3G',	0,	1,	NULL,	NULL,	NULL,	NULL),
(59,	6,	1,	5,	NULL,	'C40920',	'185/70 R14 88T SPTRGT1 JP 3G',	0,	1,	NULL,	NULL,	NULL,	NULL),
(60,	6,	1,	5,	NULL,	'C40930',	'195/70 R14 91T SPTRGT1 3G',	0,	1,	NULL,	NULL,	NULL,	NULL),
(61,	6,	1,	5,	NULL,	'C40940',	'205/70 R14 98T SPTRGT1 XL 4G',	0,	1,	NULL,	NULL,	NULL,	NULL),
(62,	6,	1,	5,	NULL,	'C40950',	'235/75 R15 05S TG20 O G',	0,	1,	NULL,	NULL,	NULL,	NULL),
(64,	6,	1,	5,	NULL,	'C40970',	'165/65 R14 79T SPTRGT1 EI',	0,	1,	NULL,	NULL,	NULL,	NULL),
(67,	6,	1,	5,	NULL,	'C41040',	'215/65 R15 96T SPTRGT1 WI',	0,	1,	NULL,	NULL,	NULL,	NULL),
(69,	6,	1,	5,	NULL,	'C41180',	'185/80 R14 91S SPTRGT1 EI',	0,	1,	NULL,	NULL,	NULL,	NULL),
(70,	6,	1,	5,	NULL,	'C41190',	'205/55 R16 91H SPTRGT1 D',	0,	1,	NULL,	NULL,	NULL,	NULL),
(71,	6,	1,	5,	NULL,	'C41200',	'185/60 R14 82H SPTRGT1 D',	0,	1,	NULL,	NULL,	NULL,	NULL),
(72,	6,	1,	5,	NULL,	'C41210',	'195/60 R14 86H SPTRGT1 D',	0,	1,	NULL,	NULL,	NULL,	NULL),
(73,	6,	1,	5,	NULL,	'C41220',	'205/60 R15 91H SPTRGT1 D',	0,	1,	NULL,	NULL,	NULL,	NULL),
(74,	6,	1,	5,	NULL,	'C41230',	'175/70 R13 82T SPTRGT1 JP D',	0,	1,	NULL,	NULL,	NULL,	NULL),
(75,	6,	1,	5,	NULL,	'C41240',	'175/70 R14 84T SPTRGT1 D',	0,	1,	NULL,	NULL,	NULL,	NULL),
(76,	6,	1,	5,	NULL,	'C41250',	'155/70 R13 75T SPTRGT1 D',	0,	1,	NULL,	NULL,	NULL,	NULL),
(77,	6,	1,	5,	NULL,	'C41260',	'155/80 R13 79S SPTRGT1 D',	0,	1,	NULL,	NULL,	NULL,	NULL),
(78,	6,	1,	5,	NULL,	'C41270',	'195/65 R15 91H SPTRGT1 JP E',	0,	1,	NULL,	NULL,	NULL,	NULL),
(79,	6,	1,	5,	NULL,	'C41280',	'175/70 R13 82H SPTRGT1 JP E',	0,	1,	NULL,	NULL,	NULL,	NULL),
(82,	6,	1,	5,	NULL,	'C41330',	'215/65 R16 98H ST20 N M',	0,	1,	NULL,	NULL,	NULL,	NULL),
(121,	6,	1,	5,	NULL,	'C41720',	'185/65 R14 86H SPTRGT1 JP E',	0,	1,	NULL,	NULL,	NULL,	NULL),
(122,	6,	1,	5,	NULL,	'C41740',	'265/65 R17 12S AT20 Z',	0,	1,	NULL,	NULL,	NULL,	NULL),
(125,	6,	1,	5,	NULL,	'C41770',	'215/65 R16 98T TRG LST O D',	0,	1,	NULL,	NULL,	NULL,	NULL),
(126,	6,	1,	5,	NULL,	'C41780',	'205/60 R16 92H TRG LSH O D',	0,	1,	NULL,	NULL,	NULL,	NULL),
(127,	6,	1,	5,	NULL,	'C41790',	'225/60 R16 98T TRG LST O D',	0,	1,	NULL,	NULL,	NULL,	NULL),
(129,	6,	1,	5,	NULL,	'C41810',	'185/70 R14 88S EC300+ D 4GDM',	0,	1,	NULL,	NULL,	NULL,	NULL),
(131,	6,	1,	5,	NULL,	'C41830',	'185/65 R15 88S EC300+ D 4GDM',	0,	1,	NULL,	NULL,	NULL,	NULL),
(133,	6,	1,	5,	NULL,	'C41850',	'165/65 R13 77T SPTRGT1 LI',	0,	1,	NULL,	NULL,	NULL,	NULL),
(134,	6,	1,	5,	NULL,	'C41870',	'185/65 R14 86T SPTRGT1 JP LI',	0,	1,	NULL,	NULL,	NULL,	NULL),
(135,	6,	1,	5,	NULL,	'C41890',	'195/65 R15 91T SPTRGT1 JP LI',	0,	1,	NULL,	NULL,	NULL,	NULL),
(136,	6,	1,	5,	NULL,	'C41900',	'155/70 R13 75T SPTRGT1 LI',	0,	1,	NULL,	NULL,	NULL,	NULL),
(137,	6,	1,	5,	NULL,	'C41930',	'175/70 R14 84T SPTRGT1 LI',	0,	1,	NULL,	NULL,	NULL,	NULL),
(142,	6,	1,	5,	NULL,	'C42000',	'265/65 R17 12Q MT2 Z',	0,	1,	NULL,	NULL,	NULL,	NULL),
(143,	6,	1,	5,	NULL,	'C42010',	'175/50R15 75H SPTRGT1 E',	0,	1,	NULL,	NULL,	NULL,	NULL),
(144,	6,	1,	5,	NULL,	'C42020',	'195/50 R16 84H SPTRGT1 E',	0,	1,	NULL,	NULL,	NULL,	NULL),
(145,	6,	1,	5,	NULL,	'C42030',	'235/60 R17 02H AT22 Z',	0,	1,	NULL,	NULL,	NULL,	NULL),
(146,	6,	1,	5,	NULL,	'C42040',	'275/65 R17 15H AT22 Z',	0,	1,	NULL,	NULL,	NULL,	NULL),
(165,	6,	1,	5,	NULL,	'C42330',	'205/65 R16 95H EC300+ T 4GEZ',	0,	1,	NULL,	NULL,	NULL,	NULL),
(171,	6,	1,	5,	NULL,	'C42390',	'175/60 R15 81T SPTRGT1 L',	0,	1,	NULL,	NULL,	NULL,	NULL),
(172,	6,	1,	5,	NULL,	'C42410',	'185/55 R15 82H SPTRGT1 L',	0,	1,	NULL,	NULL,	NULL,	NULL),
(173,	6,	1,	5,	NULL,	'C42420',	'185/60 R14 82T SPTRGT1 L',	0,	1,	NULL,	NULL,	NULL,	NULL),
(174,	6,	1,	5,	NULL,	'C42430',	'205/55 R16 91H SPTRGT1 L',	0,	1,	NULL,	NULL,	NULL,	NULL),
(175,	6,	1,	5,	NULL,	'C42440',	'205/60 R16 92H SPTRGT1 L',	0,	1,	NULL,	NULL,	NULL,	NULL),
(176,	6,	1,	5,	NULL,	'C42450',	'205/65 R15 94T SPTRGT1 JP LI',	0,	1,	NULL,	NULL,	NULL,	NULL),
(177,	6,	1,	5,	NULL,	'C42460',	'215/65 R15 96T SPTRGT1 LI',	0,	1,	NULL,	NULL,	NULL,	NULL),
(178,	6,	1,	5,	NULL,	'C42500',	'195/70 R14 91S SOL4XS D',	0,	1,	NULL,	NULL,	NULL,	NULL),
(179,	6,	1,	5,	NULL,	'C42550',	'195/60 R14 86H SOL4XS D',	0,	1,	NULL,	NULL,	NULL,	NULL),
(180,	6,	1,	5,	NULL,	'C42590',	'195/65 R15 91H SOL4XS D',	0,	1,	NULL,	NULL,	NULL,	NULL),
(181,	6,	1,	5,	NULL,	'C42730',	'225/50 R16 92H SOL4XS D',	0,	1,	NULL,	NULL,	NULL,	NULL),
(182,	6,	1,	5,	NULL,	'C42740',	'185/80 R14 91S SPTRGT1 EV',	0,	1,	NULL,	NULL,	NULL,	NULL),
(183,	6,	1,	5,	NULL,	'C42750',	'145/70 R12 69T SPTRGT1 EV',	0,	1,	NULL,	NULL,	NULL,	NULL),
(188,	6,	1,	5,	NULL,	'C42900',	'195/55 R15 85H SN832I JP 3GEZ',	0,	1,	NULL,	NULL,	NULL,	NULL),
(189,	6,	1,	5,	NULL,	'C42920',	'205/50 R16 87H SN832I JP 3GEZ',	0,	1,	NULL,	NULL,	NULL,	NULL),
(190,	6,	1,	5,	NULL,	'C42930',	'195/60 R15 88H SN832I JP 3GEZ',	0,	1,	NULL,	NULL,	NULL,	NULL),
(192,	6,	1,	5,	NULL,	'C42970',	'195/55 R15 85V ZE914ER JP M',	0,	1,	NULL,	NULL,	NULL,	NULL),
(193,	6,	1,	5,	NULL,	'C42980',	'195/50 R15 82V ZE914ER JP M',	0,	1,	NULL,	NULL,	NULL,	NULL),
(194,	6,	1,	5,	NULL,	'C43000',	'205/55 R16 91V ZE914ER JP M',	0,	1,	NULL,	NULL,	NULL,	NULL),
(195,	6,	1,	5,	NULL,	'C43030',	'215/55 R16 93H ASPEN JP D',	0,	1,	NULL,	NULL,	NULL,	NULL),
(196,	6,	1,	5,	NULL,	'C43080',	'175/65 R15 84T SPTRGT1 JP LV',	0,	1,	NULL,	NULL,	NULL,	NULL),
(197,	6,	1,	5,	NULL,	'C43090',	'185/65 R15 88T SPTRGT1 JP LV',	0,	1,	NULL,	NULL,	NULL,	NULL),
(198,	6,	1,	5,	NULL,	'C43110',	'235/40 R18 91W DZ101 DZ',	0,	1,	NULL,	NULL,	NULL,	NULL),
(199,	6,	1,	5,	NULL,	'C43160',	'155/70 R12 73T SPTRGT1 EV',	0,	1,	NULL,	NULL,	NULL,	NULL),
(200,	6,	1,	5,	NULL,	'C43170',	'165/70 R12 77T SPTRGT1 EV',	0,	1,	NULL,	NULL,	NULL,	NULL),
(201,	6,	1,	5,	NULL,	'C43200',	'265/65 R17 12S AT25 T 4GMVZ',	0,	1,	NULL,	NULL,	NULL,	NULL),
(203,	6,	1,	5,	NULL,	'C43230',	'175/70 R14 84T SPTRGT1 JP LV',	0,	1,	NULL,	NULL,	NULL,	NULL),
(204,	6,	1,	5,	NULL,	'C43240',	'185/70 R14 88T SPTRGT1 JP LV',	0,	1,	NULL,	NULL,	NULL,	NULL),
(205,	6,	1,	5,	NULL,	'C43250',	'155/80 R13 79S SPTRGT1 EV',	0,	1,	NULL,	NULL,	NULL,	NULL),
(206,	6,	1,	5,	NULL,	'C43260',	'165/80 R13 83S SPTRGT1 EV',	0,	1,	NULL,	NULL,	NULL,	NULL),
(207,	6,	1,	5,	NULL,	'C43270',	'175/65 R14 82T SPTRGT1 JP LV',	0,	1,	NULL,	NULL,	NULL,	NULL),
(208,	6,	1,	5,	NULL,	'C43280',	'165/70 R13 79T SPTRGT1 JP LV',	0,	1,	NULL,	NULL,	NULL,	NULL),
(209,	6,	1,	5,	NULL,	'C43290',	'175/70 R13 82T SPTRGT1 JP LV',	0,	1,	NULL,	NULL,	NULL,	NULL),
(210,	6,	1,	5,	NULL,	'C43300',	'165/60 R14 75T SPTRGT1 L',	0,	1,	NULL,	NULL,	NULL,	NULL),
(211,	6,	1,	5,	NULL,	'C43310',	'185/70 R13 86T SPTRGT1 WV',	0,	1,	NULL,	NULL,	NULL,	NULL),
(212,	6,	1,	5,	NULL,	'C43360',	'215/60 R16 95T SOL4XS D',	0,	1,	NULL,	NULL,	NULL,	NULL),
(216,	6,	1,	5,	NULL,	'C43490',	'225/65 R17 02H ST30 N DE',	0,	1,	NULL,	NULL,	NULL,	NULL),
(217,	6,	1,	5,	NULL,	'C43510',	'165 R13 8PR LT5 Z',	0,	1,	NULL,	NULL,	NULL,	NULL),
(219,	6,	1,	5,	NULL,	'C43530',	'195/70 R14 91T SPTRGT1 JP LV',	0,	1,	NULL,	NULL,	NULL,	NULL),
(220,	6,	1,	5,	NULL,	'C43550',	'165/65 R13 77T SPTRGT1 JP LV',	0,	1,	NULL,	NULL,	NULL,	NULL),
(224,	6,	1,	5,	NULL,	'C43600',	'175/70 R12 80S SPTR1L Z',	0,	1,	NULL,	NULL,	NULL,	NULL),
(227,	6,	1,	5,	NULL,	'C43640',	'185/80 R14 91S SPTR1L Z',	0,	1,	NULL,	NULL,	NULL,	NULL),
(242,	6,	1,	5,	NULL,	'C43800',	'185/70 R13 86S SPTR1L Z',	0,	1,	NULL,	NULL,	NULL,	NULL),
(246,	6,	1,	5,	NULL,	'C43840',	'195/65 R15 91T SPTRGT1 JP LV',	0,	1,	NULL,	NULL,	NULL,	NULL),
(247,	6,	1,	5,	NULL,	'C43850',	'165/65 R14 79T SPTRGT1 EV',	0,	1,	NULL,	NULL,	NULL,	NULL),
(248,	6,	1,	5,	NULL,	'C43860',	'195/65 R14 89T SPTRGT1 JP WV',	0,	1,	NULL,	NULL,	NULL,	NULL),
(249,	6,	1,	5,	NULL,	'C43870',	'205/65 R15 94T SPTRGT1 JP LV',	0,	1,	NULL,	NULL,	NULL,	NULL),
(250,	6,	1,	5,	NULL,	'C43880',	'205/65 R14 91T SPTRGT1 WV',	0,	1,	NULL,	NULL,	NULL,	NULL),
(251,	6,	1,	5,	NULL,	'C43890',	'215/65 R15 96T SPTRGT1 LV',	0,	1,	NULL,	NULL,	NULL,	NULL),
(252,	6,	1,	5,	NULL,	'C43900',	'205/70 R14 98T SPTRGT1 XL JP WV',	0,	1,	NULL,	NULL,	NULL,	NULL),
(253,	6,	1,	5,	NULL,	'C43910',	'165 R13C 94Q LT5 EZ',	0,	1,	NULL,	NULL,	NULL,	NULL),
(254,	6,	1,	5,	NULL,	'C43920',	'175 R13C 97P LT5 O EZ',	0,	1,	NULL,	NULL,	NULL,	NULL),
(255,	6,	1,	5,	NULL,	'C43930',	'185 R14C 02P LT5 O EZ',	0,	1,	NULL,	NULL,	NULL,	NULL),
(256,	6,	1,	5,	NULL,	'C43940',	'195 R14C 06S LT5 EZ',	0,	1,	NULL,	NULL,	NULL,	NULL),
(257,	6,	1,	5,	NULL,	'C43960',	'195/70 R14 91H SPTR1L DE',	0,	1,	NULL,	NULL,	NULL,	NULL),
(258,	6,	1,	5,	NULL,	'C43970',	'165/65 R13 77T SPTR1L DE',	0,	1,	NULL,	NULL,	NULL,	NULL),
(259,	6,	1,	5,	NULL,	'C43980',	'165/80 R13 83S SPTR1L DEZ',	0,	1,	NULL,	NULL,	NULL,	NULL),
(260,	6,	1,	5,	NULL,	'C43990',	'175/70 R12 80S SPTR1L DEZ',	0,	1,	NULL,	NULL,	NULL,	NULL),
(261,	6,	1,	5,	NULL,	'C44000',	'175/70 R13 82T SPTR1L DE',	0,	1,	NULL,	NULL,	NULL,	NULL),
(262,	6,	1,	5,	NULL,	'C44010',	'185/70 R13 86S SPTR1L DEZ',	0,	1,	NULL,	NULL,	NULL,	NULL),
(263,	6,	1,	5,	NULL,	'C44020',	'185/65 R14 86T SPTRGT1 JP LV',	0,	1,	NULL,	NULL,	NULL,	NULL),
(264,	6,	1,	5,	NULL,	'C44030',	'205/65 R16 95H GT65A D',	0,	1,	NULL,	NULL,	NULL,	NULL),
(265,	6,	1,	5,	NULL,	'C44040',	'225/65 R16 00T GT65A D',	0,	1,	NULL,	NULL,	NULL,	NULL),
(266,	6,	1,	5,	NULL,	'C44050',	'175/65 R15 84H GT65A D',	0,	1,	NULL,	NULL,	NULL,	NULL),
(267,	6,	1,	5,	NULL,	'C44060',	'195/50 R16 84V GT50A D',	0,	1,	NULL,	NULL,	NULL,	NULL),
(268,	6,	1,	5,	NULL,	'C44070',	'225/45 R18 95V GT45A XL D',	0,	1,	NULL,	NULL,	NULL,	NULL),
(269,	6,	1,	5,	NULL,	'C44080',	'185/65 R15 88H SPTR1L DE',	0,	1,	NULL,	NULL,	NULL,	NULL),
(270,	6,	1,	5,	NULL,	'C44090',	'205/60 R16 92H SPTR1L DE',	0,	1,	NULL,	NULL,	NULL,	NULL),
(271,	6,	1,	5,	NULL,	'C44100',	'175/60 R15 81S SPTR1L DEZ',	0,	1,	NULL,	NULL,	NULL,	NULL),
(272,	6,	1,	5,	NULL,	'C44110',	'175/65 R15 84H SPTR1L DE',	0,	1,	NULL,	NULL,	NULL,	NULL),
(273,	6,	1,	5,	NULL,	'C44120',	'185/60 R15 84H SPTR1L DE',	0,	1,	NULL,	NULL,	NULL,	NULL),
(274,	6,	1,	5,	NULL,	'C44130',	'195/60 R15 88H SPTR1L DE',	0,	1,	NULL,	NULL,	NULL,	NULL),
(275,	6,	1,	5,	NULL,	'C44140',	'195/65 R15 91H SPTR1L DE',	0,	1,	NULL,	NULL,	NULL,	NULL),
(276,	6,	1,	5,	NULL,	'C44150',	'205/65 R15 94H SPTR1L DE',	0,	1,	NULL,	NULL,	NULL,	NULL),
(277,	6,	1,	5,	NULL,	'C44160',	'215/65 R15 96H SPTR1L DE',	0,	1,	NULL,	NULL,	NULL,	NULL),
(278,	6,	1,	5,	NULL,	'C44170',	'165/65 R14 79T SPTR1L DE',	0,	1,	NULL,	NULL,	NULL,	NULL),
(279,	6,	1,	5,	NULL,	'C44180',	'175/65 R14 82H SPTR1L DE',	0,	1,	NULL,	NULL,	NULL,	NULL),
(280,	6,	1,	5,	NULL,	'C44190',	'185/60 R14 82H SPTR1L DE',	0,	1,	NULL,	NULL,	NULL,	NULL),
(281,	6,	1,	5,	NULL,	'C44200',	'185/65 R14 86H SPTR1L DE',	0,	1,	NULL,	NULL,	NULL,	NULL),
(282,	6,	1,	5,	NULL,	'C44210',	'185/70 R14 88H SPTR1L DE',	0,	1,	NULL,	NULL,	NULL,	NULL),
(283,	6,	1,	5,	NULL,	'C44220',	'185/80 R14 91S SPTR1L DEZ',	0,	1,	NULL,	NULL,	NULL,	NULL),
(284,	6,	1,	5,	NULL,	'C44230',	'195/65 R14 89T SPTR1L DE',	0,	1,	NULL,	NULL,	NULL,	NULL),
(285,	6,	1,	5,	NULL,	'C44240',	'L265/75 R16 12Q MT2 O Z',	0,	1,	NULL,	NULL,	NULL,	NULL),
(286,	6,	1,	5,	NULL,	'C44270',	'185/65 R15 88H ZE914ER JP DMV',	0,	1,	NULL,	NULL,	NULL,	NULL),
(287,	6,	1,	5,	NULL,	'C44280',	'205/55 R16 91V ZE914ER JP DMV',	0,	1,	NULL,	NULL,	NULL,	NULL),
(289,	6,	1,	5,	NULL,	'C44300',	'195/50 R15 82H SN832I O JP 3GEZ',	0,	1,	NULL,	NULL,	NULL,	NULL),
(290,	6,	1,	5,	NULL,	'C44310',	'205/50 R16 87H SN832I O JP 3GEZ',	0,	1,	NULL,	NULL,	NULL,	NULL),
(291,	6,	1,	5,	NULL,	'C44320',	'195/60 R15 88H SN832I O JP 3GEZ',	0,	1,	NULL,	NULL,	NULL,	NULL),
(293,	6,	1,	5,	NULL,	'C44340',	'205/55 R16 91H SN832I O JP 3GEZ',	0,	1,	NULL,	NULL,	NULL,	NULL),
(294,	6,	1,	5,	NULL,	'C44350',	'145/80 R13 88N SPLT35 D Z',	0,	1,	NULL,	NULL,	NULL,	NULL),
(295,	6,	1,	5,	NULL,	'C44360',	'155/70 R12 73T SPTR1L DE',	0,	1,	NULL,	NULL,	NULL,	NULL),
(296,	6,	1,	5,	NULL,	'C44370',	'275/65 R17 15H AT22 JP Z',	0,	1,	NULL,	NULL,	NULL,	NULL),
(297,	6,	1,	5,	NULL,	'C44380',	'265/65 R17 12Q MT2 JP Z',	0,	1,	NULL,	NULL,	NULL,	NULL),
(298,	6,	1,	5,	NULL,	'C44390',	'265/65 R17 12S AT20 JP Z',	0,	1,	NULL,	NULL,	NULL,	NULL),
(299,	6,	1,	5,	NULL,	'C44400',	'235/60 R17 02H AT22 JP Z',	0,	1,	NULL,	NULL,	NULL,	NULL),
(300,	6,	1,	5,	NULL,	'C44410',	'185/65 R15 88H EC300+ E EZ',	0,	1,	NULL,	NULL,	NULL,	NULL),
(301,	6,	1,	5,	NULL,	'C44420',	'265/60 R18 10H AT25 E MZ',	0,	1,	NULL,	NULL,	NULL,	NULL),
(303,	6,	1,	5,	NULL,	'C44450',	'195/65 R15 91H EC300+ Z',	0,	1,	NULL,	NULL,	NULL,	NULL),
(304,	6,	1,	5,	NULL,	'C44460',	'205/65 R15 94H EC300+ Z',	0,	1,	NULL,	NULL,	NULL,	NULL),
(305,	6,	1,	5,	NULL,	'C44470',	'195/50 R16 84V EC300+ Z',	0,	1,	NULL,	NULL,	NULL,	NULL),
(306,	6,	1,	5,	NULL,	'C44480',	'195/55 R16 87V EC300+ Z',	0,	1,	NULL,	NULL,	NULL,	NULL),
(308,	6,	1,	5,	NULL,	'C44500',	'185/55 R15 82H EC300+ Z',	0,	1,	NULL,	NULL,	NULL,	NULL),
(310,	6,	1,	5,	NULL,	'C44520',	'165 R13C 94Q LT5 D 4GMZ',	0,	1,	NULL,	NULL,	NULL,	NULL),
(311,	6,	1,	5,	NULL,	'C44530',	'235/60 R16 00H ST20 D 4GMZ',	0,	1,	NULL,	NULL,	NULL,	NULL),
(312,	6,	1,	5,	NULL,	'C44540',	'175/60 R15 81H SP31 EZ',	0,	1,	NULL,	NULL,	NULL,	NULL),
(313,	6,	1,	5,	NULL,	'C44550',	'185/60 R15 84H SP2030 T 4GMZ',	0,	1,	NULL,	NULL,	NULL,	NULL),
(314,	6,	1,	5,	NULL,	'C44570',	'155/65 R13 73H FP1000 4GDE',	0,	1,	NULL,	NULL,	NULL,	NULL),
(315,	6,	1,	5,	NULL,	'C44580',	'195/65 R14 89T FP1000 4GDE',	0,	1,	NULL,	NULL,	NULL,	NULL),
(316,	6,	1,	5,	NULL,	'C44590',	'155/70 R12 73T FP1000 4GDEV',	0,	1,	NULL,	NULL,	NULL,	NULL),
(317,	6,	1,	5,	NULL,	'C44600',	'155/70 R13 75T FP1000 4GDE',	0,	1,	NULL,	NULL,	NULL,	NULL),
(318,	6,	1,	5,	NULL,	'C44610',	'185/70 R13 86T FP1000 4GDMV',	0,	1,	NULL,	NULL,	NULL,	NULL),
(319,	6,	1,	5,	NULL,	'C44620',	'205/70 R15 96H FP1000 4GDMV',	0,	1,	NULL,	NULL,	NULL,	NULL),
(320,	6,	1,	5,	NULL,	'C44630',	'205/65 R16 95H EC300+ T 4GDMZ',	0,	1,	NULL,	NULL,	NULL,	NULL),
(321,	6,	1,	5,	NULL,	'C44650',	'185/65 R15 88H EC300+ U DMZ',	0,	1,	NULL,	NULL,	NULL,	NULL),
(324,	6,	1,	5,	NULL,	'C44680',	'225/65 R17 02H ST30 N2 DE',	0,	1,	NULL,	NULL,	NULL,	NULL),
(325,	6,	1,	5,	NULL,	'C44690',	'215/60 R16 95T TRG LST O JP D',	0,	1,	NULL,	NULL,	NULL,	NULL),
(326,	6,	1,	5,	NULL,	'C44700',	'195/65 R15 91T TRG LST OJP D',	0,	1,	NULL,	NULL,	NULL,	NULL),
(327,	6,	1,	5,	NULL,	'C44710',	'195/60 R15 88T TRG LST OJP D',	0,	1,	NULL,	NULL,	NULL,	NULL),
(328,	6,	1,	5,	NULL,	'C44770',	'245/65 R17 07T TRG LXT O JP D',	0,	1,	NULL,	NULL,	NULL,	NULL),
(329,	6,	1,	5,	NULL,	'C44810',	'235/65 R17 04H TRG LSH O JP D',	0,	1,	NULL,	NULL,	NULL,	NULL),
(330,	6,	1,	5,	NULL,	'C44920',	'215/65 R16 98S EC300+ D 4GDM',	0,	1,	NULL,	NULL,	NULL,	NULL),
(331,	6,	1,	5,	NULL,	'C44930',	'215/60 R17 96H EC300+ D 4GDM',	0,	1,	NULL,	NULL,	NULL,	NULL),
(332,	6,	1,	5,	NULL,	'C44970',	'195/50 R16 84V EC300+ EZ',	0,	1,	NULL,	NULL,	NULL,	NULL),
(333,	6,	1,	5,	NULL,	'C44980',	'195/55 R16 87V EC300+ EZ',	0,	1,	NULL,	NULL,	NULL,	NULL),
(334,	6,	1,	5,	NULL,	'C44990',	'185/55 R15 82H EC300+ EZ',	0,	1,	NULL,	NULL,	NULL,	NULL),
(335,	6,	1,	5,	NULL,	'C45000',	'205/65 R15 94H EC300+ EZ',	0,	1,	NULL,	NULL,	NULL,	NULL),
(336,	6,	1,	5,	NULL,	'C45010',	'195/65  R15 91H EC300+ EZ',	0,	1,	NULL,	NULL,	NULL,	NULL),
(337,	6,	1,	5,	NULL,	'C45030',	'195/65 R15 91H SPTR1L O DE',	0,	1,	NULL,	NULL,	NULL,	NULL),
(338,	6,	1,	5,	NULL,	'C45460',	'175/65 R14 82T EC300 H EZ',	0,	1,	NULL,	NULL,	NULL,	NULL),
(362,	7,	1,	5,	NULL,	'C60400',	'185/60 R14 82H ZE329 D _',	0,	1,	NULL,	NULL,	NULL,	NULL),
(363,	7,	1,	5,	NULL,	'C60410',	'185/65 R14 86H ZE329 D',	0,	1,	NULL,	NULL,	NULL,	NULL),
(364,	7,	1,	5,	NULL,	'C60420',	'195/60 R14 86H ZE329 D _',	0,	1,	NULL,	NULL,	NULL,	NULL),
(365,	7,	1,	5,	NULL,	'C60430',	'195/65 R14 89H ZE329 D ~',	0,	1,	NULL,	NULL,	NULL,	NULL),
(366,	7,	1,	5,	NULL,	'C60440',	'185/65 R15 88H ZE329 D ~',	0,	1,	NULL,	NULL,	NULL,	NULL),
(367,	7,	1,	5,	NULL,	'C60450',	'195/55 R15 85V ZE329 D _',	0,	1,	NULL,	NULL,	NULL,	NULL),
(368,	7,	1,	5,	NULL,	'C60460',	'195/60 R15 88H ZE329 D _',	0,	1,	NULL,	NULL,	NULL,	NULL),
(369,	7,	1,	5,	NULL,	'C60470',	'195/65 R15 91H ZE329 D _',	0,	1,	NULL,	NULL,	NULL,	NULL),
(370,	7,	1,	5,	NULL,	'C60480',	'205/50 R15 86H ZE329 D',	0,	1,	NULL,	NULL,	NULL,	NULL),
(371,	7,	1,	5,	NULL,	'C60490',	'205/60 R15 91H ZE329 D _',	0,	1,	NULL,	NULL,	NULL,	NULL),
(372,	7,	1,	5,	NULL,	'C60500',	'205/65 R15 94V ZE329 D _',	0,	1,	NULL,	NULL,	NULL,	NULL),
(373,	7,	1,	5,	NULL,	'C60510',	'205/65 R15 94H ZE329 D _',	0,	1,	NULL,	NULL,	NULL,	NULL),
(374,	7,	1,	5,	NULL,	'C60520',	'215/60 R15 94H ZE329 D _',	0,	1,	NULL,	NULL,	NULL,	NULL),
(375,	7,	1,	5,	NULL,	'C60530',	'215/65 R15 96H ZE329 D ~',	0,	1,	NULL,	NULL,	NULL,	NULL),
(376,	7,	1,	5,	NULL,	'C60540',	'225/60 R15 96H ZE329 D',	0,	1,	NULL,	NULL,	NULL,	NULL),
(377,	7,	1,	5,	NULL,	'C60550',	'195/50 R16 84V ZE329 D _',	0,	1,	NULL,	NULL,	NULL,	NULL),
(378,	7,	1,	5,	NULL,	'C60560',	'205/50 R16 91V ZE329 RF D _',	0,	1,	NULL,	NULL,	NULL,	NULL),
(379,	7,	1,	5,	NULL,	'C60570',	'205/55 R16 91V ZE329 D _',	0,	1,	NULL,	NULL,	NULL,	NULL),
(380,	7,	1,	5,	NULL,	'C60580',	'205/60 R16 92V ZE329 D _',	0,	1,	NULL,	NULL,	NULL,	NULL),
(381,	7,	1,	5,	NULL,	'C60590',	'215/55 R16 93V ZE329 D _',	0,	1,	NULL,	NULL,	NULL,	NULL),
(382,	7,	1,	5,	NULL,	'C60600',	'215/60 R16 95H ZE329 D _',	0,	1,	NULL,	NULL,	NULL,	NULL),
(383,	7,	1,	5,	NULL,	'C60610',	'215/65 R16 98H ZE329 D ~',	0,	1,	NULL,	NULL,	NULL,	NULL),
(384,	7,	1,	5,	NULL,	'C60630',	'225/55 R16 95V ZE329 D _',	0,	1,	NULL,	NULL,	NULL,	NULL),
(385,	7,	1,	5,	NULL,	'C60640',	'225/60 R16 98H ZE329 D _',	0,	1,	NULL,	NULL,	NULL,	NULL),
(388,	7,	1,	5,	NULL,	'C60760',	'235/60 R16 00H ZE329 D _',	0,	1,	NULL,	NULL,	NULL,	NULL),
(390,	7,	1,	5,	NULL,	'C60780',	'245/50 R16 97H ZE329 D ~',	0,	1,	NULL,	NULL,	NULL,	NULL),
(397,	7,	1,	5,	NULL,	'C61210',	'185/70 S R13 86S HM70 RH Z ~',	0,	1,	NULL,	NULL,	NULL,	NULL),
(398,	7,	1,	5,	NULL,	'C61270',	'185/70 S R14 88S HM70 LH ~',	0,	1,	NULL,	NULL,	NULL,	NULL),
(399,	7,	1,	5,	NULL,	'C61340',	'235/40 Z R18 95W ZE329 RF D',	0,	1,	NULL,	NULL,	NULL,	NULL),
(400,	7,	1,	5,	NULL,	'C61350',	'235/50 Z R18 97W ZE329 D',	0,	1,	NULL,	NULL,	NULL,	NULL),
(401,	7,	1,	5,	NULL,	'C61360',	'235/55 R18 00V ZE329 D ~',	0,	1,	NULL,	NULL,	NULL,	NULL),
(404,	7,	1,	5,	NULL,	'C61660',	'185/65 H R13 84H SP490 LH ~',	0,	1,	NULL,	NULL,	NULL,	NULL),
(405,	7,	1,	5,	NULL,	'C61750',	'175/65 H R14 82H SP490 LH GE ~',	0,	1,	NULL,	NULL,	NULL,	NULL),
(406,	7,	1,	5,	NULL,	'C61820',	'185/65 H R14 86H SP490 LH GQ',	0,	1,	NULL,	NULL,	NULL,	NULL),
(407,	7,	1,	5,	NULL,	'C61860',	'195/65 H R14 89H SP490 LH G ~',	0,	1,	NULL,	NULL,	NULL,	NULL),
(409,	7,	1,	5,	NULL,	'C61920',	'195/65 R15 91V SPT230 EZ',	0,	1,	NULL,	NULL,	NULL,	NULL),
(410,	7,	1,	5,	NULL,	'C61960',	'195/65 H R15 91H SP490 LH G ~',	0,	1,	NULL,	NULL,	NULL,	NULL),
(411,	7,	1,	5,	NULL,	'C61990',	'205/65 H R15 94H SP490 (LBN) E ~',	0,	1,	NULL,	NULL,	NULL,	NULL),
(412,	7,	1,	5,	NULL,	'C62000',	'205/65 H R15 94H SP490 LH ~',	0,	1,	NULL,	NULL,	NULL,	NULL),
(413,	7,	1,	5,	NULL,	'C62040',	'205/65 H R15 94H SP490 RH ~',	0,	1,	NULL,	NULL,	NULL,	NULL),
(414,	7,	1,	5,	NULL,	'C62060',	'185/60 H R13 80H SP490 LH ~',	0,	1,	NULL,	NULL,	NULL,	NULL),
(415,	7,	1,	5,	NULL,	'C62120',	'185/60 H R14 82H SP490 LH G ~',	0,	1,	NULL,	NULL,	NULL,	NULL),
(416,	7,	1,	5,	NULL,	'C62170',	'195/60 H R14 86H SP490 LH G ~',	0,	1,	NULL,	NULL,	NULL,	NULL),
(417,	7,	1,	5,	NULL,	'C62270',	'195/60 H R15 88H SP490 LH ~',	0,	1,	NULL,	NULL,	NULL,	NULL),
(419,	7,	1,	5,	NULL,	'C62320',	'205/60 H R15 91H SP490 LH G ~',	0,	1,	NULL,	NULL,	NULL,	NULL),
(425,	7,	1,	5,	NULL,	'C62530',	'175/70 H R13 82H SP490 RH ~',	0,	1,	NULL,	NULL,	NULL,	NULL),
(426,	7,	1,	5,	NULL,	'C62540',	'175/70 R13 82H SP490 LH ~',	0,	1,	NULL,	NULL,	NULL,	NULL),
(427,	7,	1,	5,	NULL,	'C62570',	'185/70 H R13 86H SP490 LH ~',	0,	1,	NULL,	NULL,	NULL,	NULL),
(428,	7,	1,	5,	NULL,	'C62610',	'205/60 R15 91H ZE322 EZ',	0,	1,	NULL,	NULL,	NULL,	NULL),
(431,	7,	1,	5,	NULL,	'C62690',	'185/70 R14 88H SP490 LH ~',	0,	1,	NULL,	NULL,	NULL,	NULL),
(432,	7,	1,	5,	NULL,	'C62720',	'195/70 HR14 91H SP490 LH E ~',	0,	1,	NULL,	NULL,	NULL,	NULL),
(433,	7,	1,	5,	NULL,	'C62730',	'195/70 HR14 91H SP490 RH ~',	0,	1,	NULL,	NULL,	NULL,	NULL),
(434,	7,	1,	5,	NULL,	'C62770',	'205/70 H R14 94H SP490 LH ~',	0,	1,	NULL,	NULL,	NULL,	NULL),
(435,	7,	1,	5,	NULL,	'C62820',	'205/70 H R15 95H SP490 LH ~',	0,	1,	NULL,	NULL,	NULL,	NULL),
(436,	7,	1,	5,	NULL,	'C63030',	'185/70 R13 86H SPLM703',	0,	1,	NULL,	NULL,	NULL,	NULL),
(447,	7,	1,	5,	NULL,	'C63420',	'195/60 R15 88H SPLM703 SU IQ',	0,	1,	NULL,	NULL,	NULL,	NULL),
(450,	7,	1,	5,	NULL,	'C63460',	'175/65 R14 82T EC300 DR EEZ',	0,	1,	NULL,	NULL,	NULL,	NULL),
(452,	7,	1,	5,	NULL,	'C63530',	'205/60 R15 91V SP2000 ~',	0,	1,	NULL,	NULL,	NULL,	NULL),
(459,	7,	1,	5,	NULL,	'C63670',	'235/60 R16 00H ST20 D 4GEZ',	0,	1,	NULL,	NULL,	NULL,	NULL),
(461,	7,	1,	5,	NULL,	'C63770',	'225/55 R16 94V SP2000 G ~',	0,	1,	NULL,	NULL,	NULL,	NULL),
(463,	7,	1,	5,	NULL,	'C63840',	'215/65 R16 98S ST20 4GEIZ',	0,	1,	NULL,	NULL,	NULL,	NULL),
(464,	7,	1,	5,	NULL,	'C63870',	'185/65 R15 88H SP300 N EZ',	0,	1,	NULL,	NULL,	NULL,	NULL),
(465,	7,	1,	5,	NULL,	'C63940',	'215/65R16 98S ST20 T  4GDEIZ',	0,	1,	NULL,	NULL,	NULL,	NULL),
(466,	7,	1,	5,	NULL,	'C63960',	'235/75 R15 05S TG20 EZ',	0,	1,	NULL,	NULL,	NULL,	NULL),
(467,	7,	1,	5,	NULL,	'C63970',	'235/75 R15 05S TG20 G ~',	0,	1,	NULL,	NULL,	NULL,	NULL),
(468,	7,	1,	5,	NULL,	'C63980',	'225/65 R17 02T ST30 E',	0,	1,	NULL,	NULL,	NULL,	NULL),
(469,	7,	1,	5,	NULL,	'C63990',	'225/65 R17 02T ST30 H EZ',	0,	1,	NULL,	NULL,	NULL,	NULL),
(471,	7,	1,	5,	NULL,	'C64020',	'175/60 R15 81H SP31 N O EZ',	0,	1,	NULL,	NULL,	NULL,	NULL),
(474,	7,	1,	5,	NULL,	'C64080',	'175/65 R14 82T SP10 TR1 EZ',	0,	1,	NULL,	NULL,	NULL,	NULL),
(477,	7,	1,	5,	NULL,	'C64130',	'175/65 R14 82T EC300 D 4GEEQ',	0,	1,	NULL,	NULL,	NULL,	NULL),
(478,	7,	1,	5,	NULL,	'C64170',	'175/70 R13 82H SPLM703 GEEIZ',	0,	1,	NULL,	NULL,	NULL,	NULL),
(479,	7,	1,	5,	NULL,	'C64180',	'185/70 R13 86H SPLM703 GEEIZ',	0,	1,	NULL,	NULL,	NULL,	NULL),
(480,	7,	1,	5,	NULL,	'C64190',	'165/70 S R13 79S SP70I RH Z ~',	0,	1,	NULL,	NULL,	NULL,	NULL),
(481,	7,	1,	5,	NULL,	'C64330',	'185/70 R14 88H SPLM703 GEEI',	0,	1,	NULL,	NULL,	NULL,	NULL),
(482,	7,	1,	5,	NULL,	'C64340',	'195/70 R14 91H SPLM703 GEEI',	0,	1,	NULL,	NULL,	NULL,	NULL),
(483,	7,	1,	5,	NULL,	'C64350',	'205/70 R14 95H SPLM703 GEEI ~',	0,	1,	NULL,	NULL,	NULL,	NULL),
(484,	7,	1,	5,	NULL,	'C64380',	'185/70 S R13 86S SP70I ~',	0,	1,	NULL,	NULL,	NULL,	NULL),
(485,	7,	1,	5,	NULL,	'C64390',	'185/60 R15 84H SP2030 T 4GEQ',	0,	1,	NULL,	NULL,	NULL,	NULL),
(486,	7,	1,	5,	NULL,	'C64430',	'175/65 R14 82T SP10 T 4GE',	0,	1,	NULL,	NULL,	NULL,	NULL),
(487,	7,	1,	5,	NULL,	'C64440',	'205/70 R15 95H SPLM703 GEEI',	0,	1,	NULL,	NULL,	NULL,	NULL),
(488,	7,	1,	5,	NULL,	'C64450',	'215/70 R15 98H SPLM703 GEEI ~',	0,	1,	NULL,	NULL,	NULL,	NULL),
(489,	7,	1,	5,	NULL,	'C64460',	'185/70 S R14 88S SP70I O ~',	0,	1,	NULL,	NULL,	NULL,	NULL),
(490,	7,	1,	5,	NULL,	'C64470',	'185/70 S R14 88S SP70I (LBN) ~',	0,	1,	NULL,	NULL,	NULL,	NULL),
(492,	7,	1,	5,	NULL,	'C64630',	'175/70 R13 82S SP70EEXP D ~',	0,	1,	NULL,	NULL,	NULL,	NULL),
(495,	7,	1,	5,	NULL,	'C64770',	'195/70 R14 91S SP70E D ~',	0,	1,	NULL,	NULL,	NULL,	NULL),
(496,	7,	1,	5,	NULL,	'C64780',	'165 R13C 94Q LT5 4GEZ',	0,	1,	NULL,	NULL,	NULL,	NULL),
(499,	7,	1,	5,	NULL,	'C64840',	'175 R13C 97P LT5 EZ ~',	0,	1,	NULL,	NULL,	NULL,	NULL),
(501,	7,	1,	5,	NULL,	'C64940',	'185 R14C 02P LT5 EZ',	0,	1,	NULL,	NULL,	NULL,	NULL),
(502,	7,	1,	5,	NULL,	'C64970',	'195 R14C 06S LT5 EEZ',	0,	1,	NULL,	NULL,	NULL,	NULL),
(503,	7,	1,	5,	NULL,	'C64980',	'195 R15C 06R LT5 EEZ',	0,	1,	NULL,	NULL,	NULL,	NULL),
(505,	7,	1,	5,	NULL,	'C65110',	'195 R15C 06S LT5 LHD 4GEQ',	0,	1,	NULL,	NULL,	NULL,	NULL),
(508,	7,	1,	5,	NULL,	'C65190',	'185/65 R15 88S SP10 D GEQ',	0,	1,	NULL,	NULL,	NULL,	NULL),
(511,	7,	1,	5,	NULL,	'C65590',	'185/60 R14 82H SDL60A JP D ~',	0,	1,	NULL,	NULL,	NULL,	NULL),
(513,	7,	1,	5,	NULL,	'C65870',	'185/65 R15 88H SP300 H EZ',	0,	1,	NULL,	NULL,	NULL,	NULL),
(514,	7,	1,	5,	NULL,	'C65920',	'185/65 R14 86H FP7000 D',	0,	1,	NULL,	NULL,	NULL,	NULL),
(515,	7,	1,	5,	NULL,	'C65940',	'185/65 R15 88H FP7000 D',	0,	1,	NULL,	NULL,	NULL,	NULL),
(516,	7,	1,	5,	NULL,	'C65980',	'215/65 R15 96H FP7000 D',	0,	1,	NULL,	NULL,	NULL,	NULL),
(517,	7,	1,	5,	NULL,	'C65990',	'155/65 R13 73S GT065 SA301 ~',	0,	1,	NULL,	NULL,	NULL,	NULL),
(519,	7,	1,	5,	NULL,	'C66020',	'185/60 R14 82H FP7000 D',	0,	1,	NULL,	NULL,	NULL,	NULL),
(520,	7,	1,	5,	NULL,	'C66040',	'195/60 R14 86H FP7000 D',	0,	1,	NULL,	NULL,	NULL,	NULL),
(521,	7,	1,	5,	NULL,	'C66050',	'155/80 R13 79S GT080 ~',	0,	1,	NULL,	NULL,	NULL,	NULL),
(522,	7,	1,	5,	NULL,	'C66080',	'205/60 R15 91H FP7000 D',	0,	1,	NULL,	NULL,	NULL,	NULL),
(525,	7,	1,	5,	NULL,	'C66150',	'215/60 R16 95H FP7000 JP D',	0,	1,	NULL,	NULL,	NULL,	NULL),
(528,	7,	1,	5,	NULL,	'C66210',	'135/80 S R13 68S SP10 ~',	0,	1,	NULL,	NULL,	NULL,	NULL),
(529,	7,	1,	5,	NULL,	'C66230',	'145/80 S R13 74S SP10 ~',	0,	1,	NULL,	NULL,	NULL,	NULL),
(530,	7,	1,	5,	NULL,	'C66370',	'225/60 R16 98H FP7000 JP D',	0,	1,	NULL,	NULL,	NULL,	NULL),
(531,	7,	1,	5,	NULL,	'C66390',	'265/60 R18 10H AT25 TR MZ',	0,	1,	NULL,	NULL,	NULL,	NULL),
(532,	7,	1,	5,	NULL,	'C66590',	'205/55 R16 91V FP7000  JP D',	0,	1,	NULL,	NULL,	NULL,	NULL),
(533,	7,	1,	5,	NULL,	'C66610',	'215/55 R17 94V FP7000 D',	0,	1,	NULL,	NULL,	NULL,	NULL),
(534,	7,	1,	5,	NULL,	'C66630',	'225/55 R17 97V FP7000 D',	0,	1,	NULL,	NULL,	NULL,	NULL),
(535,	7,	1,	5,	NULL,	'C66670',	'205/50 R15 86H FP7000 D',	0,	1,	NULL,	NULL,	NULL,	NULL),
(536,	7,	1,	5,	NULL,	'C66770',	'215/50 R17 91V FP7000 D',	0,	1,	NULL,	NULL,	NULL,	NULL),
(537,	7,	1,	5,	NULL,	'C66790',	'225/50 R17 94V FP7000 D',	0,	1,	NULL,	NULL,	NULL,	NULL),
(538,	7,	1,	5,	NULL,	'C66870',	'225/45 R17 94W FP7000 XL D',	0,	1,	NULL,	NULL,	NULL,	NULL),
(539,	7,	1,	5,	NULL,	'C66890',	'235/45 R17 97W FP7000 XL D',	0,	1,	NULL,	NULL,	NULL,	NULL),
(540,	7,	1,	5,	NULL,	'C66910',	'245/45 R17 99W FP7000 XL D',	0,	1,	NULL,	NULL,	NULL,	NULL),
(541,	7,	1,	5,	NULL,	'C66930',	'225/45 R18 91W FP7000 D',	0,	1,	NULL,	NULL,	NULL,	NULL),
(542,	7,	1,	5,	NULL,	'C67980',	'155 R12 8PR DV01',	0,	1,	NULL,	NULL,	NULL,	NULL),
(544,	7,	1,	5,	NULL,	'C68450',	'195 R14 8PR DV01',	0,	1,	NULL,	NULL,	NULL,	NULL),
(545,	7,	1,	5,	NULL,	'C68460',	'175/65 R14 82T EC300 H EEZ',	0,	1,	NULL,	NULL,	NULL,	NULL),
(546,	7,	1,	5,	NULL,	'C68550',	'185 R14C 02P R51 E',	0,	1,	NULL,	NULL,	NULL,	NULL),
(547,	7,	1,	5,	NULL,	'C68610',	'185 R14 8PR R51 Z',	0,	1,	NULL,	NULL,	NULL,	NULL),
(553,	7,	1,	5,	NULL,	'C69040',	'30X950 R15 04Q AT1 DZ',	0,	1,	NULL,	NULL,	NULL,	NULL),
(554,	7,	1,	5,	NULL,	'C69050',	'31X1050 R15 09Q AT1 DZ',	0,	1,	NULL,	NULL,	NULL,	NULL),
(556,	7,	1,	5,	NULL,	'C69090',	'30X950 R15 04Q AT1 OW D',	0,	1,	NULL,	NULL,	NULL,	NULL),
(557,	7,	1,	5,	NULL,	'C69100',	'31X1050 R15 09Q AT1 OW D',	0,	1,	NULL,	NULL,	NULL,	NULL),
(561,	7,	1,	5,	NULL,	'C69180',	'225/45 R18 91W SPFM901 EQ',	0,	1,	NULL,	NULL,	NULL,	NULL),
(563,	7,	1,	5,	NULL,	'C69200',	'145/70 R12 69T EC201 O E',	0,	1,	NULL,	NULL,	NULL,	NULL),
(564,	7,	1,	5,	NULL,	'C69210',	'155/70 R12 73T EC201 O E',	0,	1,	NULL,	NULL,	NULL,	NULL),
(565,	7,	1,	5,	NULL,	'C69220',	'165/70 R12 77T EC201 O E',	0,	1,	NULL,	NULL,	NULL,	NULL),
(566,	7,	1,	5,	NULL,	'C69230',	'175/65 R14 82T EC201 JP E',	0,	1,	NULL,	NULL,	NULL,	NULL),
(567,	7,	1,	5,	NULL,	'C69240',	'185/65 R14 86T EC201 E ~',	0,	1,	NULL,	NULL,	NULL,	NULL),
(568,	7,	1,	5,	NULL,	'C69250',	'195/65 R14 89T EC201 E ~',	0,	1,	NULL,	NULL,	NULL,	NULL),
(569,	7,	1,	5,	NULL,	'C69270',	'185/65 R15 88T EC201 JP E ~',	0,	1,	NULL,	NULL,	NULL,	NULL),
(570,	7,	1,	5,	NULL,	'C69280',	'195/65 R15 91T EC201 JP E ~',	0,	1,	NULL,	NULL,	NULL,	NULL),
(571,	7,	1,	5,	NULL,	'C69290',	'205/65 R15 94T EC201 JP E ~',	0,	1,	NULL,	NULL,	NULL,	NULL),
(572,	7,	1,	5,	NULL,	'C69300',	'215/65 R15 96T EC201 O E',	0,	1,	NULL,	NULL,	NULL,	NULL),
(573,	7,	1,	5,	NULL,	'C69310',	'155/70 R13 75T EC201 O JP E ~',	0,	1,	NULL,	NULL,	NULL,	NULL),
(574,	7,	1,	5,	NULL,	'C69320',	'165/70 R13 79T EC201 O E ~',	0,	1,	NULL,	NULL,	NULL,	NULL),
(575,	7,	1,	5,	NULL,	'C69330',	'175/70 R13 82T EC201 JP E ~',	0,	1,	NULL,	NULL,	NULL,	NULL),
(576,	7,	1,	5,	NULL,	'C69340',	'185/70 R13 86T EC201 O JP E ~',	0,	1,	NULL,	NULL,	NULL,	NULL),
(577,	7,	1,	5,	NULL,	'C69350',	'165/65 R13 77T EC201 O E ~',	0,	1,	NULL,	NULL,	NULL,	NULL),
(578,	7,	1,	5,	NULL,	'C69360',	'175/70 R14 84T EC201 E ~',	0,	1,	NULL,	NULL,	NULL,	NULL),
(579,	7,	1,	5,	NULL,	'C69370',	'185/70 R14 88T EC201 JP E',	0,	1,	NULL,	NULL,	NULL,	NULL),
(580,	7,	1,	5,	NULL,	'C69380',	'195/70 R14 91T EC201 JP E ~',	0,	1,	NULL,	NULL,	NULL,	NULL),
(581,	7,	1,	5,	NULL,	'C69390',	'205/70 R14 95T EC201 O E ~',	0,	1,	NULL,	NULL,	NULL,	NULL),
(582,	7,	1,	5,	NULL,	'C69400',	'205/70 R15 96T EC201 E ~',	0,	1,	NULL,	NULL,	NULL,	NULL),
(583,	7,	1,	5,	NULL,	'C69410',	'215/70 R15 98T EC201 O E ~',	0,	1,	NULL,	NULL,	NULL,	NULL),
(584,	7,	1,	5,	NULL,	'C69420',	'175/70 R13 82T EC201 EI',	0,	1,	NULL,	NULL,	NULL,	NULL),
(585,	7,	1,	5,	NULL,	'C69430',	'175/65 R14 82T EC201 EI',	0,	1,	NULL,	NULL,	NULL,	NULL),
(586,	7,	1,	5,	NULL,	'C69440',	'185/65 R14 86T EC201 EI',	0,	1,	NULL,	NULL,	NULL,	NULL),
(587,	7,	1,	5,	NULL,	'C69470',	'185/70 R14 88T EC201 EI',	0,	1,	NULL,	NULL,	NULL,	NULL),
(588,	7,	1,	5,	NULL,	'C69490',	'175/70 R14 84T EC201 EI',	0,	1,	NULL,	NULL,	NULL,	NULL),
(592,	7,	1,	5,	NULL,	'C69850',	'185/70R14 88S SP10M LHD 4GEE',	0,	1,	NULL,	NULL,	NULL,	NULL),
(600,	7,	1,	5,	NULL,	'C69930',	'235/40 R18 91W DZ101 D',	0,	1,	NULL,	NULL,	NULL,	NULL),
(603,	7,	1,	5,	NULL,	'C69990',	'225/65 R17 02T ST30 Z',	0,	1,	NULL,	NULL,	NULL,	NULL),
(604,	5,	1,	4,	NULL,	'C70010',	'250-17 38L TT901 WT Z',	0,	1,	NULL,	NULL,	NULL,	NULL),
(605,	5,	1,	4,	NULL,	'C70030',	'275-17 41P TT901 WT Z',	0,	1,	NULL,	NULL,	NULL,	NULL),
(606,	5,	1,	4,	NULL,	'C70050',	'70/90-17M 38P TT901 U WT Z ~',	0,	1,	NULL,	NULL,	NULL,	NULL),
(607,	5,	1,	4,	NULL,	'C70070',	'80/90-17M 44P TT901 U WT Z ~',	0,	1,	NULL,	NULL,	NULL,	NULL),
(608,	5,	1,	4,	NULL,	'C70160',	'70/90-17M 38P D102F AM Y EZ',	0,	1,	NULL,	NULL,	NULL,	NULL),
(609,	5,	1,	4,	NULL,	'C70200',	'70/90-16M 36P D110G WT EZ',	0,	1,	NULL,	NULL,	NULL,	NULL),
(610,	5,	1,	4,	NULL,	'C70210',	'80/90-16M 43P D110G WT EZ',	0,	1,	NULL,	NULL,	NULL,	NULL),
(611,	5,	1,	4,	NULL,	'C70330',	'250-17 38L TT900 WT EZ~',	0,	1,	NULL,	NULL,	NULL,	NULL),
(612,	5,	1,	4,	NULL,	'C70380',	'250-17 RF 43P TT900 WT EZ ~',	0,	1,	NULL,	NULL,	NULL,	NULL),
(613,	5,	1,	4,	NULL,	'C70430',	'275-17M 41P TT900 WT EZ~',	0,	1,	NULL,	NULL,	NULL,	NULL),
(614,	5,	1,	4,	NULL,	'C70480',	'275-17 RF 47P TT900 WT EZ ~',	0,	1,	NULL,	NULL,	NULL,	NULL),
(615,	5,	1,	4,	NULL,	'C70540',	'70/90-14M 34P D115 Z',	0,	1,	NULL,	NULL,	NULL,	NULL),
(616,	5,	1,	4,	NULL,	'C70550',	'80/80-14M 43P RF D115 RF Z',	0,	1,	NULL,	NULL,	NULL,	NULL),
(617,	5,	1,	4,	NULL,	'C70560',	'90/80-17M 46P TT900 WT Z',	0,	1,	NULL,	NULL,	NULL,	NULL),
(618,	5,	1,	4,	NULL,	'C70570',	'90/80-17M 46P D102F WT Z',	0,	1,	NULL,	NULL,	NULL,	NULL),
(619,	5,	1,	4,	NULL,	'C70580',	'80/80-17M 41P TT902 Z',	0,	1,	NULL,	NULL,	NULL,	NULL),
(620,	5,	1,	4,	NULL,	'C70590',	'100/70-17M 49P TT902 Z',	0,	1,	NULL,	NULL,	NULL,	NULL),
(621,	5,	1,	4,	NULL,	'C70600',	'90/80-14M 49P RF TT901 WT Q',	0,	1,	NULL,	NULL,	NULL,	NULL),
(622,	5,	1,	4,	NULL,	'C70620',	'70/90-14M 34P TT901 WT Z ~',	0,	1,	NULL,	NULL,	NULL,	NULL),
(623,	5,	1,	4,	NULL,	'C70640',	'90/90-14M 46P TT901 WT Z ~',	0,	1,	NULL,	NULL,	NULL,	NULL),
(624,	5,	1,	4,	NULL,	'C70650',	'80/90-14M 40P TT901 (M1) WT Z ~',	0,	1,	NULL,	NULL,	NULL,	NULL),
(625,	5,	1,	4,	NULL,	'C70670',	'90/80-14M 49P RF TT901 WT Z',	0,	1,	NULL,	NULL,	NULL,	NULL),
(626,	5,	1,	4,	NULL,	'C70690',	'70/90-17M 38P TT900 U WT Z ~',	0,	1,	NULL,	NULL,	NULL,	NULL),
(627,	5,	1,	4,	NULL,	'C70710',	'70/90-17M 38P TT900 WT Z ~',	0,	1,	NULL,	NULL,	NULL,	NULL),
(628,	5,	1,	4,	NULL,	'C70770',	'80/90-17 44P TT900G WT Z ~',	0,	1,	NULL,	NULL,	NULL,	NULL),
(629,	5,	1,	4,	NULL,	'C70790',	'80/90-17 44P TT900 WT Z ~',	0,	1,	NULL,	NULL,	NULL,	NULL),
(630,	5,	1,	4,	NULL,	'C70820',	'90/80-17M 46P D102F WT Q ~',	0,	1,	NULL,	NULL,	NULL,	NULL),
(631,	5,	1,	4,	NULL,	'C70830',	'90/80-17M 46P D102FA EZ',	0,	1,	NULL,	NULL,	NULL,	NULL),
(632,	5,	1,	4,	NULL,	'C70840',	'120/70-17M 58P D102A EZ',	0,	1,	NULL,	NULL,	NULL,	NULL),
(633,	5,	1,	4,	NULL,	'C70870',	'80/90-17M 44L D102A WT EZ',	0,	1,	NULL,	NULL,	NULL,	NULL),
(634,	5,	1,	4,	NULL,	'C70900',	'120/80-17M 61S TT900 WT Z ~',	0,	1,	NULL,	NULL,	NULL,	NULL),
(635,	5,	1,	4,	NULL,	'C70970',	'90/90-17M 49P TT900 WT Z ~',	0,	1,	NULL,	NULL,	NULL,	NULL),
(636,	5,	1,	4,	NULL,	'C71000',	'100/90-18M 56P TT900 WT Z ~',	0,	1,	NULL,	NULL,	NULL,	NULL),
(637,	5,	1,	4,	NULL,	'C71070',	'275-18 42P TT900 (7107) WT Z ~',	0,	1,	NULL,	NULL,	NULL,	NULL),
(638,	5,	1,	4,	NULL,	'C71080',	'275-18 42P TT900 WT EZ',	0,	1,	NULL,	NULL,	NULL,	NULL),
(639,	5,	1,	4,	NULL,	'C71170',	'300-18 47S (4PR) TT900G WT Z ~',	0,	1,	NULL,	NULL,	NULL,	NULL),
(640,	5,	1,	4,	NULL,	'C71180',	'300-18 47S (4PR) TT900 WT Z ~',	0,	1,	NULL,	NULL,	NULL,	NULL),
(641,	5,	1,	4,	NULL,	'C71190',	'300-18 47S (4PR) TT900 WT  EZ',	0,	1,	NULL,	NULL,	NULL,	NULL),
(642,	5,	1,	4,	NULL,	'C71210',	'90/80-17M 46P TT900 WT Q ~',	0,	1,	NULL,	NULL,	NULL,	NULL),
(643,	5,	1,	4,	NULL,	'C71250',	'110/80-18M 58S TT900 WT Z ~',	0,	1,	NULL,	NULL,	NULL,	NULL),
(644,	5,	1,	4,	NULL,	'C71290',	'130/70-17M 62S D102AJ E',	0,	1,	NULL,	NULL,	NULL,	NULL),
(645,	5,	1,	4,	NULL,	'C71300',	'70/90-17M 38P D102FA WT Z ~',	0,	1,	NULL,	NULL,	NULL,	NULL),
(646,	5,	1,	4,	NULL,	'C71310',	'80/90-17M 44P D102A WT Z ~',	0,	1,	NULL,	NULL,	NULL,	NULL),
(647,	5,	1,	4,	NULL,	'C71330',	'275-17M 41P D102FA WT Z ~',	0,	1,	NULL,	NULL,	NULL,	NULL),
(648,	5,	1,	4,	NULL,	'C71340',	'90/90-17M 49P D102A WT Z ~',	0,	1,	NULL,	NULL,	NULL,	NULL),
(649,	5,	1,	4,	NULL,	'C71360',	'70/90-17M 38P D102FAG WT Z ~',	0,	1,	NULL,	NULL,	NULL,	NULL),
(650,	5,	1,	4,	NULL,	'C71370',	'80/90-17M 44P D102AG WT Z ~',	0,	1,	NULL,	NULL,	NULL,	NULL),
(651,	5,	1,	4,	NULL,	'C71770',	'80/90-14M 40P D115 O EZ',	0,	1,	NULL,	NULL,	NULL,	NULL),
(652,	5,	1,	4,	NULL,	'C71780',	'90/90-14M 46P D115 O EZ',	0,	1,	NULL,	NULL,	NULL,	NULL),
(653,	5,	1,	4,	NULL,	'C71790',	'225-17 33L TT900 WT EZ',	0,	1,	NULL,	NULL,	NULL,	NULL),
(654,	5,	1,	4,	NULL,	'C71810',	'80/90-17M 44P TT902 O EZ',	0,	1,	NULL,	NULL,	NULL,	NULL),
(655,	5,	1,	4,	NULL,	'C71820',	'70/90-17M 38P TT902 O EZ',	0,	1,	NULL,	NULL,	NULL,	NULL),
(656,	5,	1,	4,	NULL,	'C71830',	'90/90-17M 49P TT902 O EZ',	0,	1,	NULL,	NULL,	NULL,	NULL),
(657,	5,	1,	4,	NULL,	'C72000',	'225-17  33L D107F (4P) WT Z ~',	0,	1,	NULL,	NULL,	NULL,	NULL),
(658,	5,	1,	4,	NULL,	'C72300',	'250-17M 38L D108 WT Z ~',	0,	1,	NULL,	NULL,	NULL,	NULL),
(659,	5,	1,	4,	NULL,	'C72350',	'275-17 41P D108 WT Z ~',	0,	1,	NULL,	NULL,	NULL,	NULL),
(660,	5,	1,	4,	NULL,	'C72400',	'275-18M 42P D108 WT Z ~',	0,	1,	NULL,	NULL,	NULL,	NULL),
(661,	5,	1,	4,	NULL,	'C72420',	'300-18M 47P D108 WT Z ~',	0,	1,	NULL,	NULL,	NULL,	NULL),
(662,	5,	1,	4,	NULL,	'C72510',	'250-17 38L D104F WT Z',	0,	1,	NULL,	NULL,	NULL,	NULL),
(663,	5,	1,	4,	NULL,	'C72520',	'275-17M 41P D104 WT Z ~',	0,	1,	NULL,	NULL,	NULL,	NULL),
(664,	5,	1,	4,	NULL,	'C72550',	'80/80-14M 43P RF D115 Q',	0,	1,	NULL,	NULL,	NULL,	NULL),
(665,	5,	1,	4,	NULL,	'C72580',	'250-17 38L K950 WT Z',	0,	1,	NULL,	NULL,	NULL,	NULL),
(666,	5,	1,	4,	NULL,	'C72590',	'275-17 41P K950 WT Z',	0,	1,	NULL,	NULL,	NULL,	NULL),
(667,	5,	1,	4,	NULL,	'C72610',	'70/90-17M 38P TT902 WT Z',	0,	1,	NULL,	NULL,	NULL,	NULL),
(668,	5,	1,	4,	NULL,	'C72650',	'90/90-17M 49P TT902 WT Z',	0,	1,	NULL,	NULL,	NULL,	NULL),
(669,	5,	1,	4,	NULL,	'C72740',	'250-17 38L D104F WT EZ',	0,	1,	NULL,	NULL,	NULL,	NULL),
(670,	5,	1,	4,	NULL,	'C72750',	'275-17 41P D104 WT EZ',	0,	1,	NULL,	NULL,	NULL,	NULL),
(671,	5,	1,	4,	NULL,	'C72830',	'70/90-14M 34P D115 O Q',	0,	1,	NULL,	NULL,	NULL,	NULL),
(672,	5,	1,	4,	NULL,	'C72840',	'80/80-14M 43P RF D115 O Q',	0,	1,	NULL,	NULL,	NULL,	NULL),
(673,	5,	1,	4,	NULL,	'C72850',	'80/90-14M 40P D115 O Z',	0,	1,	NULL,	NULL,	NULL,	NULL),
(674,	5,	1,	4,	NULL,	'C72870',	'90/90-14M 46P D115 O Z',	0,	1,	NULL,	NULL,	NULL,	NULL),
(675,	5,	1,	4,	NULL,	'C72890',	'80/80-17M 41P TT902 O Q',	0,	1,	NULL,	NULL,	NULL,	NULL),
(676,	5,	1,	4,	NULL,	'C72900',	'80/90-17M 44P TT902 O Z',	0,	1,	NULL,	NULL,	NULL,	NULL),
(677,	5,	1,	4,	NULL,	'C72930',	'90/80-17M 46P TT902 O Z',	0,	1,	NULL,	NULL,	NULL,	NULL),
(678,	4,	1,	3,	NULL,	'C72940',	'80/80-14M 43P D115FL EZ',	0,	1,	NULL,	NULL,	NULL,	NULL),
(679,	4,	1,	3,	NULL,	'C72950',	'100/70-14M 51P D115L EZ',	0,	1,	NULL,	NULL,	NULL,	NULL),
(680,	5,	1,	4,	NULL,	'C72960',	'70/90-17M 38P TT902 WT EZ',	0,	1,	NULL,	NULL,	NULL,	NULL),
(681,	5,	1,	4,	NULL,	'C72970',	'80/90-17M 44P TT902 WT EZ',	0,	1,	NULL,	NULL,	NULL,	NULL),
(682,	5,	1,	4,	NULL,	'C72980',	'90/90-17M 49P TT902 WT EZ',	0,	1,	NULL,	NULL,	NULL,	NULL),
(683,	5,	1,	4,	NULL,	'C72990',	'90/80-17M 46P TT902 EZ',	0,	1,	NULL,	NULL,	NULL,	NULL),
(684,	5,	1,	4,	NULL,	'C73000',	'90/80-14M 49P D115 RF EZ',	0,	1,	NULL,	NULL,	NULL,	NULL),
(685,	5,	1,	4,	NULL,	'C73010',	'70/90-14M 34P D115 EZ',	0,	1,	NULL,	NULL,	NULL,	NULL),
(686,	5,	1,	4,	NULL,	'C73020',	'80/80-14M 43P D115 RF EZ',	0,	1,	NULL,	NULL,	NULL,	NULL),
(687,	4,	1,	3,	NULL,	'C75020',	'100/90-19M 57S D404FG WT DQ',	0,	1,	NULL,	NULL,	NULL,	NULL),
(688,	4,	1,	3,	NULL,	'C75030',	'160/80-15M 74S D404J WT DE~',	0,	1,	NULL,	NULL,	NULL,	NULL),
(689,	4,	1,	3,	NULL,	'C75080',	'130/90-16M 67H D404 D',	0,	1,	NULL,	NULL,	NULL,	NULL),
(690,	4,	1,	3,	NULL,	'C75100',	'110/90-19M 62H D404F D ~',	0,	1,	NULL,	NULL,	NULL,	NULL),
(691,	4,	1,	3,	NULL,	'C75120',	'120/90-18M 65H D404F D ~',	0,	1,	NULL,	NULL,	NULL,	NULL),
(692,	4,	1,	3,	NULL,	'C75240',	'130/90-17M 68H D404 D',	0,	1,	NULL,	NULL,	NULL,	NULL),
(693,	4,	1,	3,	NULL,	'C75260',	'80/90-21M 48H D404F D',	0,	1,	NULL,	NULL,	NULL,	NULL),
(694,	4,	1,	3,	NULL,	'C75430',	'120/70-17M 58H K505F DE ~',	0,	1,	NULL,	NULL,	NULL,	NULL),
(695,	4,	1,	3,	NULL,	'C75440',	'100/100-18 59M MX51 WT ~',	0,	1,	NULL,	NULL,	NULL,	NULL),
(696,	4,	1,	3,	NULL,	'C75460',	'110/100-18 64M MX51 WT ~',	0,	1,	NULL,	NULL,	NULL,	NULL),
(697,	4,	1,	3,	NULL,	'C75510',	'100/90-19 57M MX51G WT',	0,	1,	NULL,	NULL,	NULL,	NULL),
(698,	4,	1,	3,	NULL,	'C75550',	'100/90-19M 57H F24 DE ~',	0,	1,	NULL,	NULL,	NULL,	NULL),
(699,	4,	1,	3,	NULL,	'C75560',	'120/90-18 65M MX51 WT ~',	0,	1,	NULL,	NULL,	NULL,	NULL),
(700,	4,	1,	3,	NULL,	'C75610',	'80/100-18M 47P D404F WT D',	0,	1,	NULL,	NULL,	NULL,	NULL),
(701,	4,	1,	3,	NULL,	'C75620',	'130/70-17M 62H GT501M D ~',	0,	1,	NULL,	NULL,	NULL,	NULL),
(702,	4,	1,	3,	NULL,	'C75630',	'110/100-18 64M AT81 WT',	0,	1,	NULL,	NULL,	NULL,	NULL),
(703,	4,	1,	3,	NULL,	'C75640',	'140/70-17M 66H GT501M D ~',	0,	1,	NULL,	NULL,	NULL,	NULL),
(704,	4,	1,	3,	NULL,	'C75740',	'120/70-17M 58H GT501FM D ~',	0,	1,	NULL,	NULL,	NULL,	NULL),
(705,	4,	1,	3,	NULL,	'C75790',	'120/90-10 57J K180 D',	0,	1,	NULL,	NULL,	NULL,	NULL),
(706,	4,	1,	3,	NULL,	'C75950',	'130/90-10 61J K180 D',	0,	1,	NULL,	NULL,	NULL,	NULL),
(707,	4,	1,	3,	NULL,	'C76000',	'90/100-14 49M MX71 WT ~',	0,	1,	NULL,	NULL,	NULL,	NULL),
(708,	4,	1,	3,	NULL,	'C76010',	'90/100-16 52M MX71 WT ~',	0,	1,	NULL,	NULL,	NULL,	NULL),
(709,	4,	1,	3,	NULL,	'C76020',	'70/100-17 40M MX71F WT ~',	0,	1,	NULL,	NULL,	NULL,	NULL),
(710,	4,	1,	3,	NULL,	'C76030',	'110/90-18 61M MX71 WT P ~',	0,	1,	NULL,	NULL,	NULL,	NULL),
(711,	4,	1,	3,	NULL,	'C76040',	'120/90-18 65M MX71 WT P ~',	0,	1,	NULL,	NULL,	NULL,	NULL),
(712,	4,	1,	3,	NULL,	'C76050',	'70/100-19 42M MX71F WT ~',	0,	1,	NULL,	NULL,	NULL,	NULL),
(713,	4,	1,	3,	NULL,	'C76060',	'100/90-19 57M MX71 WT P ~',	0,	1,	NULL,	NULL,	NULL,	NULL),
(714,	4,	1,	3,	NULL,	'C76100',	'80/100-21 51M MX71F WT ~',	0,	1,	NULL,	NULL,	NULL,	NULL),
(715,	4,	1,	3,	NULL,	'C76110',	'90/100-21 57M MX71F WT ~',	0,	1,	NULL,	NULL,	NULL,	NULL),
(716,	4,	1,	3,	NULL,	'C76120',	'300-21 51P D604F WT DE ~',	0,	1,	NULL,	NULL,	NULL,	NULL),
(717,	4,	1,	3,	NULL,	'C76130',	'120/80-19 63M MX71A WT',	0,	1,	NULL,	NULL,	NULL,	NULL),
(718,	4,	1,	3,	NULL,	'C76140',	'110/90-19 62M MX71A WT',	0,	1,	NULL,	NULL,	NULL,	NULL),
(719,	4,	1,	3,	NULL,	'C76150',	'130/90-17M (68R) D606 WT DE ~',	0,	1,	NULL,	NULL,	NULL,	NULL),
(720,	4,	1,	3,	NULL,	'C76160',	'120/90-18M (65R) D606 WT DE ~',	0,	1,	NULL,	NULL,	NULL,	NULL),
(721,	4,	1,	3,	NULL,	'C76170',	'130/90-18M (69R) D606 WT DE ~',	0,	1,	NULL,	NULL,	NULL,	NULL),
(722,	4,	1,	3,	NULL,	'C76180',	'90/90-21M (54R) D606F WT DE ~',	0,	1,	NULL,	NULL,	NULL,	NULL),
(723,	4,	1,	3,	NULL,	'C76220',	'300-21 51P D605FN WT DE ~',	0,	1,	NULL,	NULL,	NULL,	NULL),
(724,	4,	1,	3,	NULL,	'C76250',	'120/90-18M 65P K180J WT DE',	0,	1,	NULL,	NULL,	NULL,	NULL),
(725,	4,	1,	3,	NULL,	'C76270',	'120/80-18M 62P D605J (SU) DE',	0,	1,	NULL,	NULL,	NULL,	NULL),
(726,	4,	1,	3,	NULL,	'C76280',	'130/70-13M RF 63P D305J DE ~',	0,	1,	NULL,	NULL,	NULL,	NULL),
(727,	4,	1,	3,	NULL,	'C76290',	'120/80-18M 62P D605 WT D ~',	0,	1,	NULL,	NULL,	NULL,	NULL),
(728,	4,	1,	3,	NULL,	'C76330',	'130/90-15M 66H D404 DE',	0,	1,	NULL,	NULL,	NULL,	NULL),
(729,	4,	1,	3,	NULL,	'C76380',	'400-18 64H TT100GP',	0,	1,	NULL,	NULL,	NULL,	NULL),
(730,	4,	1,	3,	NULL,	'C76390',	'350-18 56H TT100GP',	0,	1,	NULL,	NULL,	NULL,	NULL),
(731,	4,	1,	3,	NULL,	'C76430',	'140/90-15M 70S D404 WT DE',	0,	1,	NULL,	NULL,	NULL,	NULL),
(732,	4,	1,	3,	NULL,	'C76440',	'140/80-15M 67H K555J DE ~',	0,	1,	NULL,	NULL,	NULL,	NULL),
(733,	4,	1,	3,	NULL,	'C76450',	'180/80-14M 78P K180J WT E (P) ~',	0,	1,	NULL,	NULL,	NULL,	NULL),
(734,	4,	1,	3,	NULL,	'C76480',	'400S18 4P K70 (64S) WT DE ~',	0,	1,	NULL,	NULL,	NULL,	NULL),
(735,	4,	1,	3,	NULL,	'C76520',	'110/90-18M 61H TT100GP ~',	0,	1,	NULL,	NULL,	NULL,	NULL),
(736,	4,	1,	3,	NULL,	'C76540',	'120/90-18M 65H D404 D ~',	0,	1,	NULL,	NULL,	NULL,	NULL),
(737,	4,	1,	3,	NULL,	'C76550',	'410-18 59P D605 WT DE (SUR)',	0,	1,	NULL,	NULL,	NULL,	NULL),
(738,	4,	1,	3,	NULL,	'C76560',	'300-18 4PR K898 (47P) WT',	0,	1,	NULL,	NULL,	NULL,	NULL),
(739,	4,	1,	3,	NULL,	'C76570',	'110/90-18M 61H D404 D',	0,	1,	NULL,	NULL,	NULL,	NULL),
(740,	4,	1,	3,	NULL,	'C76670',	'300-18  4PR D404F WT DE',	0,	1,	NULL,	NULL,	NULL,	NULL),
(741,	4,	1,	3,	NULL,	'C76680',	'80/100-21 51M MX11F WT',	0,	1,	NULL,	NULL,	NULL,	NULL),
(742,	4,	1,	3,	NULL,	'C76690',	'110/90-19 62M MX11 WT',	0,	1,	NULL,	NULL,	NULL,	NULL),
(743,	4,	1,	3,	NULL,	'C76760',	'90/90-21 54M AT81F WT',	0,	1,	NULL,	NULL,	NULL,	NULL),
(744,	4,	1,	3,	NULL,	'C76770',	'110/90-18 61M AT81 WT',	0,	1,	NULL,	NULL,	NULL,	NULL),
(745,	4,	1,	3,	NULL,	'C76790',	'120/90-18 65M AT81 WT',	0,	1,	NULL,	NULL,	NULL,	NULL),
(746,	4,	1,	3,	NULL,	'C76850',	'100/90-19 57M MX11 WT',	0,	1,	NULL,	NULL,	NULL,	NULL),
(747,	4,	1,	3,	NULL,	'C76860',	'90/90-21 54R END M D909F WT DE',	0,	1,	NULL,	NULL,	NULL,	NULL),
(748,	4,	1,	3,	NULL,	'C76880',	'120/90-18 65R END D909 WT DE',	0,	1,	NULL,	NULL,	NULL,	NULL),
(749,	4,	1,	3,	NULL,	'C76890',	'140/80-18 70R END D909 WT DE',	0,	1,	NULL,	NULL,	NULL,	NULL),
(750,	4,	1,	3,	NULL,	'C76910',	'110/90-12 64L SC SMARTF DE',	0,	1,	NULL,	NULL,	NULL,	NULL),
(751,	4,	1,	3,	NULL,	'C76920',	'110/70-12 47L SC SMARTF E',	0,	1,	NULL,	NULL,	NULL,	NULL),
(752,	4,	1,	3,	NULL,	'C76930',	'120/70-12 51L SC SMARTF DE',	0,	1,	NULL,	NULL,	NULL,	NULL),
(753,	4,	1,	3,	NULL,	'C76940',	'110/90-13M 55P SC SMARTF DE',	0,	1,	NULL,	NULL,	NULL,	NULL),
(754,	4,	1,	3,	NULL,	'C76950',	'120/70-13M 53P SC SMARTF DE',	0,	1,	NULL,	NULL,	NULL,	NULL),
(755,	4,	1,	3,	NULL,	'C76960',	'120/80-14M 58S SC SMARTF DE P',	0,	1,	NULL,	NULL,	NULL,	NULL),
(756,	4,	1,	3,	NULL,	'C76970',	'120/70-14M 55S SC SMARTF DE P',	0,	1,	NULL,	NULL,	NULL,	NULL),
(757,	4,	1,	3,	NULL,	'C76980',	'120/90-10 66J SC SMART DE',	0,	1,	NULL,	NULL,	NULL,	NULL),
(758,	4,	1,	3,	NULL,	'C76990',	'120/70-12 51L SC SMART E',	0,	1,	NULL,	NULL,	NULL,	NULL),
(759,	4,	1,	3,	NULL,	'C77000',	'130/70-12 REINF 62L SC SMART E',	0,	1,	NULL,	NULL,	NULL,	NULL),
(760,	4,	1,	3,	NULL,	'C77020',	'140/70-13M 61P SC SMART E',	0,	1,	NULL,	NULL,	NULL,	NULL),
(761,	4,	1,	3,	NULL,	'C77030',	'150/70-13M 64S SC SMART E',	0,	1,	NULL,	NULL,	NULL,	NULL),
(762,	4,	1,	3,	NULL,	'C77040',	'150/70-14M 66S SC SMART E P',	0,	1,	NULL,	NULL,	NULL,	NULL),
(763,	4,	1,	3,	NULL,	'C77200',	'450-12 2PR D404 WT',	0,	1,	NULL,	NULL,	NULL,	NULL),
(764,	4,	1,	3,	NULL,	'C77250',	'350-10 51J D307',	0,	1,	NULL,	NULL,	NULL,	NULL),
(765,	4,	1,	3,	NULL,	'C77280',	'90/100-10 53J D307',	0,	1,	NULL,	NULL,	NULL,	NULL),
(766,	4,	1,	3,	NULL,	'C77330',	'100/100-12 62J K488F',	0,	1,	NULL,	NULL,	NULL,	NULL),
(767,	4,	1,	3,	NULL,	'C77370',	'60/100-10 33J MX52F WT',	0,	1,	NULL,	NULL,	NULL,	NULL),
(768,	4,	1,	3,	NULL,	'C77390',	'70/100-10 41J MX52 WT',	0,	1,	NULL,	NULL,	NULL,	NULL),
(769,	4,	1,	3,	NULL,	'C77410',	'60/100-12 36J MX52F WT',	0,	1,	NULL,	NULL,	NULL,	NULL),
(770,	4,	1,	3,	NULL,	'C77450',	'60/100-14 30M MX52F WT',	0,	1,	NULL,	NULL,	NULL,	NULL),
(771,	4,	1,	3,	NULL,	'C77470',	'90/100-14 49M MX52 WT',	0,	1,	NULL,	NULL,	NULL,	NULL),
(773,	4,	1,	3,	NULL,	'C77530',	'70/100-19 42M MX52F WT',	0,	1,	NULL,	NULL,	NULL,	NULL),
(774,	4,	1,	3,	NULL,	'C77570',	'110/90-19 62M MX52 WT',	0,	1,	NULL,	NULL,	NULL,	NULL),
(775,	4,	1,	3,	NULL,	'C77590',	'120/80-19 63M MX52 WT',	0,	1,	NULL,	NULL,	NULL,	NULL),
(776,	4,	1,	3,	NULL,	'C77610',	'80/100-21 51M MX52F WT',	0,	1,	NULL,	NULL,	NULL,	NULL),
(777,	4,	1,	3,	NULL,	'C77630',	'90/90-21 54M MX52F WT',	0,	1,	NULL,	NULL,	NULL,	NULL),
(778,	4,	1,	3,	NULL,	'C77670',	'120/70-12 51L TT93GP E',	0,	1,	NULL,	NULL,	NULL,	NULL),
(779,	4,	1,	3,	NULL,	'C77680',	'130/70-12 62L TT93GP RF E',	0,	1,	NULL,	NULL,	NULL,	NULL),
(780,	4,	1,	3,	NULL,	'C77690',	'90/90-14M 46P TT900FJ',	0,	1,	NULL,	NULL,	NULL,	NULL),
(781,	4,	1,	3,	NULL,	'C77810',	'360H18 4PR TT100 (MAX)',	0,	1,	NULL,	NULL,	NULL,	NULL),
(782,	4,	1,	3,	NULL,	'C77870',	'110/70-13M 48P SC SMARTFL EZ',	0,	1,	NULL,	NULL,	NULL,	NULL),
(783,	4,	1,	3,	NULL,	'C77880',	'130/70-13M 63P SC SMARTL RF EZ',	0,	1,	NULL,	NULL,	NULL,	NULL),
(784,	4,	1,	3,	NULL,	'C77900',	'110/100-18 64M AT81 O RC WT',	0,	1,	NULL,	NULL,	NULL,	NULL),
(785,	4,	1,	3,	NULL,	'C77910',	'110/90-18 61M AT81 O RC WT',	0,	1,	NULL,	NULL,	NULL,	NULL),
(786,	4,	1,	3,	NULL,	'C77920',	'120/90-18 65M AT81 O RC WT',	0,	1,	NULL,	NULL,	NULL,	NULL),
(787,	4,	1,	3,	NULL,	'C77990',	'80/100-21 51M AT81F WT',	0,	1,	NULL,	NULL,	NULL,	NULL),
(788,	4,	1,	3,	NULL,	'C78000',	'90/100-16M 51P D605 J WT E',	0,	1,	NULL,	NULL,	NULL,	NULL),
(789,	4,	1,	3,	NULL,	'C78040',	'110/90-16M 59P D404FJ WT DE',	0,	1,	NULL,	NULL,	NULL,	NULL),
(790,	4,	1,	3,	NULL,	'C78050',	'100/80-17M 52S TT900FJ K DEVBZ',	0,	1,	NULL,	NULL,	NULL,	NULL),
(791,	4,	1,	3,	NULL,	'C78060',	'130/70-17M 62S TT900J K DEVBZ',	0,	1,	NULL,	NULL,	NULL,	NULL),
(792,	4,	1,	3,	NULL,	'C78070',	'100/90-19M 57H D404F DEV',	0,	1,	NULL,	NULL,	NULL,	NULL),
(793,	4,	1,	3,	NULL,	'C78150',	'120/90-17M 64S D404F WT DE',	0,	1,	NULL,	NULL,	NULL,	NULL),
(794,	4,	1,	3,	NULL,	'C78170',	'150/80-16M 71H D404FJ DE',	0,	1,	NULL,	NULL,	NULL,	NULL),
(795,	4,	1,	3,	NULL,	'C78200',	'140/90-15M 70H D404 DEV',	0,	1,	NULL,	NULL,	NULL,	NULL),
(796,	4,	1,	3,	NULL,	'C78210',	'140/90-16M 71H D404 DEV',	0,	1,	NULL,	NULL,	NULL,	NULL),
(797,	4,	1,	3,	NULL,	'C78220',	'150/90-15M 74H D404G DEV',	0,	1,	NULL,	NULL,	NULL,	NULL),
(798,	4,	1,	3,	NULL,	'C78230',	'170/80-15M 77H D404 DEV',	0,	1,	NULL,	NULL,	NULL,	NULL),
(799,	4,	1,	3,	NULL,	'C78240',	'170/80-15M 77S D404J WT DE',	0,	1,	NULL,	NULL,	NULL,	NULL),
(800,	4,	1,	3,	NULL,	'C78250',	'170/80-15M 77H K555 (M1) DEV',	0,	1,	NULL,	NULL,	NULL,	NULL),
(801,	4,	1,	3,	NULL,	'C78260',	'170/80-15M 77S K555 (M1) WT DEV',	0,	1,	NULL,	NULL,	NULL,	NULL),
(802,	4,	1,	3,	NULL,	'C78270',	'110/70-17M 54H GT501FM DZ',	0,	1,	NULL,	NULL,	NULL,	NULL),
(803,	4,	1,	3,	NULL,	'C78280',	'140/70-17M 66H GT501M DZ',	0,	1,	NULL,	NULL,	NULL,	NULL),
(804,	4,	1,	3,	NULL,	'C78290',	'110/100-18 64M MX11 WT',	0,	1,	NULL,	NULL,	NULL,	NULL),
(805,	4,	1,	3,	NULL,	'C78360',	'60/100-12 36J MX3SF WT',	0,	1,	NULL,	NULL,	NULL,	NULL),
(806,	4,	1,	3,	NULL,	'C78370',	'60/100-14 30M MX3SF WT',	0,	1,	NULL,	NULL,	NULL,	NULL),
(807,	4,	1,	3,	NULL,	'C78390',	'70/100-19 42M MX3SF WT',	0,	1,	NULL,	NULL,	NULL,	NULL),
(808,	4,	1,	3,	NULL,	'C78470',	'120/80-19 63M MX3S WT',	0,	1,	NULL,	NULL,	NULL,	NULL),
(809,	4,	1,	3,	NULL,	'C78520',	'130/80-18M 66P K180J WT DEZ',	0,	1,	NULL,	NULL,	NULL,	NULL),
(810,	4,	1,	3,	NULL,	'C78530',	'180/80-14M 78P K180J WT DEZ',	0,	1,	NULL,	NULL,	NULL,	NULL),
(816,	4,	1,	3,	NULL,	'C78640',	'110/100-18 64M MX52 WT Z',	0,	1,	NULL,	NULL,	NULL,	NULL),
(838,	4,	1,	3,	NULL,	'C78880',	'120/70-15M 56P SCSMARTF DEVZ',	0,	1,	NULL,	NULL,	NULL,	NULL),
(839,	4,	1,	3,	NULL,	'C78890',	'140/70-14M 62P SCSMART DEVZ',	0,	1,	NULL,	NULL,	NULL,	NULL),
(840,	4,	1,	3,	NULL,	'C78900',	'150/80-16M 71H D404Q DEVZ',	0,	1,	NULL,	NULL,	NULL,	NULL),
(841,	4,	1,	3,	NULL,	'C78910',	'130/90-16M 67H D404FQ DEVZ',	0,	1,	NULL,	NULL,	NULL,	NULL),
(846,	4,	1,	3,	NULL,	'C78970',	'100/80-16M 50S K330A DE',	0,	1,	NULL,	NULL,	NULL,	NULL),
(847,	4,	1,	3,	NULL,	'C78980',	'120/80-16M 60S K330 DE',	0,	1,	NULL,	NULL,	NULL,	NULL),
(848,	4,	1,	3,	NULL,	'C78990',	'100/90-14M 51P TT900AJ E',	0,	1,	NULL,	NULL,	NULL,	NULL),
(849,	4,	1,	3,	NULL,	'C79000',	'100/90-10 56J D307 E',	0,	1,	NULL,	NULL,	NULL,	NULL),
(850,	4,	1,	3,	NULL,	'C79010',	'90/100-10 53J D307 E',	0,	1,	NULL,	NULL,	NULL,	NULL),
(851,	4,	1,	3,	NULL,	'C79020',	'90/90-12 44J D307 E',	0,	1,	NULL,	NULL,	NULL,	NULL),
(852,	4,	1,	3,	NULL,	'C79030',	'70/100-17 40M MX52F K WT Z',	0,	1,	NULL,	NULL,	NULL,	NULL),
(854,	4,	1,	3,	NULL,	'C79050',	'100/90-18M 56H D404F DE ~',	0,	1,	NULL,	NULL,	NULL,	NULL),
(855,	4,	1,	3,	NULL,	'C79060',	'110/90-18M 61H D404F DE',	0,	1,	NULL,	NULL,	NULL,	NULL),
(856,	4,	1,	3,	NULL,	'C79070',	'110/90-10 61J SC SMARTF E',	0,	1,	NULL,	NULL,	NULL,	NULL),
(857,	4,	1,	3,	NULL,	'C79080',	'80/100-21 51M MX12F WT Z',	0,	1,	NULL,	NULL,	NULL,	NULL),
(858,	4,	1,	3,	NULL,	'C79090',	'100/90-19 57M MX12 WT',	0,	1,	NULL,	NULL,	NULL,	NULL),
(859,	4,	1,	3,	NULL,	'C79100',	'110/90-19 62M MX12 WT Z',	0,	1,	NULL,	NULL,	NULL,	NULL),
(860,	4,	1,	3,	NULL,	'C79120',	'130/80-18M 66H TT100GP WT DEZ',	0,	1,	NULL,	NULL,	NULL,	NULL),
(861,	4,	1,	3,	NULL,	'C79130',	'80/90-14M 40P D307F E',	0,	1,	NULL,	NULL,	NULL,	NULL),
(862,	4,	1,	3,	NULL,	'C79140',	'90/90-14M 46P D307A E',	0,	1,	NULL,	NULL,	NULL,	NULL),
(866,	4,	1,	3,	NULL,	'C79180',	'90/100-16 52M MX52L WT',	0,	1,	NULL,	NULL,	NULL,	NULL),
(867,	4,	1,	3,	NULL,	'C79190',	'90/100-16 52M MX3SL WT',	0,	1,	NULL,	NULL,	NULL,	NULL),
(868,	4,	1,	3,	NULL,	'C79210',	'100/90-19M 57H TT100GP Z',	0,	1,	NULL,	NULL,	NULL,	NULL),
(871,	4,	1,	3,	NULL,	'C79260',	'110/70-17M 54H GT601FJ DEVZ',	0,	1,	NULL,	NULL,	NULL,	NULL),
(872,	4,	1,	3,	NULL,	'C79270',	'140/70-17M 66H GT601J DEVZ',	0,	1,	NULL,	NULL,	NULL,	NULL),
(873,	5,	1,	4,	NULL,	'C79280',	'300-21 51P D604FG WT DE',	0,	1,	NULL,	NULL,	NULL,	NULL),
(874,	4,	1,	3,	NULL,	'C79360',	'80/100-21 51M MX33F WT Z',	0,	1,	NULL,	NULL,	NULL,	NULL),
(875,	4,	1,	3,	NULL,	'C79380',	'90/100-16 51M MX33 WT',	0,	1,	NULL,	NULL,	NULL,	NULL),
(876,	4,	1,	3,	NULL,	'C79390',	'100/100-18 59M MX33 WT Z',	0,	1,	NULL,	NULL,	NULL,	NULL),
(877,	4,	1,	3,	NULL,	'C79460',	'300-21 51P D605F WT DEZ',	0,	1,	NULL,	NULL,	NULL,	NULL),
(878,	4,	1,	3,	NULL,	'C79650',	'130/90-10 61J K180 DE',	0,	1,	NULL,	NULL,	NULL,	NULL),
(879,	4,	1,	3,	NULL,	'C79660',	'140/70-13 61P SCSMART EZ',	0,	1,	NULL,	NULL,	NULL,	NULL),
(880,	4,	1,	3,	NULL,	'C79670',	'120/70-13 53P SCSMARTF DEZ',	0,	1,	NULL,	NULL,	NULL,	NULL),
(883,	4,	1,	3,	NULL,	'C79790',	'90/90-21 54R D909F O WT DE',	0,	1,	NULL,	NULL,	NULL,	NULL),
(884,	4,	1,	3,	NULL,	'C79800',	'140/80-18 70R D909 WTDE',	0,	1,	NULL,	NULL,	NULL,	NULL),
(885,	4,	1,	3,	NULL,	'C79870',	'350-10 51J D307 O E',	0,	1,	NULL,	NULL,	NULL,	NULL),
(886,	4,	1,	3,	NULL,	'C79900',	'110/100-18 64M MX52 WT O Z',	0,	1,	NULL,	NULL,	NULL,	NULL),
(887,	3,	1,	2,	NULL,	'Y284575',	'195/45 R16 80W SP2050',	0,	1,	NULL,	NULL,	NULL,	NULL),
(888,	3,	1,	2,	NULL,	'Y290789',	'245/50 R18 100W MAXTT NR EE',	0,	1,	NULL,	NULL,	NULL,	NULL),
(889,	3,	1,	2,	NULL,	'Y294895',	'225/80 R17.5 123L SP521',	0,	1,	NULL,	NULL,	NULL,	NULL),
(890,	3,	1,	2,	NULL,	'Y299351',	'255/50 R20 109W FK453CC XL',	0,	1,	NULL,	NULL,	NULL,	NULL),
(891,	3,	1,	2,	NULL,	'Y299567',	'225/60 R17 99H ST20',	0,	1,	NULL,	NULL,	NULL,	NULL),
(892,	3,	1,	2,	NULL,	'Y303679',	'215/45 R18 89W MAXTT',	0,	1,	NULL,	NULL,	NULL,	NULL),
(893,	3,	1,	2,	NULL,	'Y304505',	'205/60 R16 92H SPT230',	0,	1,	NULL,	NULL,	NULL,	NULL),
(894,	3,	1,	2,	NULL,	'Y309815',	'215/60 R16 95H SPT230',	0,	1,	NULL,	NULL,	NULL,	NULL),
(895,	3,	1,	2,	NULL,	'Y309817',	'215/55 R17 94V SP270',	0,	1,	NULL,	NULL,	NULL,	NULL),
(896,	3,	1,	2,	NULL,	'Y309975',	'235/35 Z R19 91W FK453 XL',	0,	1,	NULL,	NULL,	NULL,	NULL),
(897,	3,	1,	2,	NULL,	'Y309983',	'235/55 Z R17 103W FK453 XL',	0,	1,	NULL,	NULL,	NULL,	NULL),
(898,	3,	1,	2,	NULL,	'Y309989',	'245/35 Z R19 93W FK453 XL',	0,	1,	NULL,	NULL,	NULL,	NULL),
(899,	3,	1,	2,	NULL,	'Y309991',	'245/35 Z R20 95W FK453 XL',	0,	1,	NULL,	NULL,	NULL,	NULL),
(900,	3,	1,	2,	NULL,	'Y309993',	'245/40 Z R18 97W FK453 XL',	0,	1,	NULL,	NULL,	NULL,	NULL),
(901,	3,	1,	2,	NULL,	'Y309995',	'245/40 R19 98W FK453 XL',	0,	1,	NULL,	NULL,	NULL,	NULL),
(902,	3,	1,	2,	NULL,	'Y309997',	'245/40 Z R20 99W FK453 XL',	0,	1,	NULL,	NULL,	NULL,	NULL),
(903,	3,	1,	2,	NULL,	'Y310003',	'245/45 Z R19 102W FK453 XL',	0,	1,	NULL,	NULL,	NULL,	NULL),
(904,	3,	1,	2,	NULL,	'Y310009',	'255/30 Z R22 95W FK453 XL',	0,	1,	NULL,	NULL,	NULL,	NULL),
(905,	3,	1,	2,	NULL,	'Y310027',	'275/30 Z R19 96W FK453 XL 3GZR',	0,	1,	NULL,	NULL,	NULL,	NULL),
(906,	3,	1,	2,	NULL,	'Y310029',	'275/30 Z R20 97W FK453 XL',	0,	1,	NULL,	NULL,	NULL,	NULL),
(907,	3,	1,	2,	NULL,	'Y310035',	'275/35 Z R19 100W FK453 XL',	0,	1,	NULL,	NULL,	NULL,	NULL),
(908,	3,	1,	2,	NULL,	'Y310037',	'275/35 Z R20 102W FK453 XL',	0,	1,	NULL,	NULL,	NULL,	NULL),
(909,	3,	1,	2,	NULL,	'Y310721',	'120/70 R17 53W GPR300',	0,	1,	NULL,	NULL,	NULL,	NULL),
(910,	3,	1,	2,	NULL,	'Y311067',	'185/55 R15 82V SPLM704',	0,	1,	NULL,	NULL,	NULL,	NULL),
(911,	3,	1,	2,	NULL,	'Y311071',	'185/65 R15 88H SPLM704',	0,	1,	NULL,	NULL,	NULL,	NULL),
(912,	3,	1,	2,	NULL,	'Y311073',	'195/50 R16 84V SPLM704',	0,	1,	NULL,	NULL,	NULL,	NULL),
(913,	3,	1,	2,	NULL,	'Y311075',	'195/55 R15 85V SPLM704',	0,	1,	NULL,	NULL,	NULL,	NULL),
(914,	3,	1,	2,	NULL,	'Y311079',	'195/60 R15 88H SPLM704',	0,	1,	NULL,	NULL,	NULL,	NULL),
(915,	3,	1,	2,	NULL,	'Y311081',	'195/65 R15 91H SPLM704',	0,	1,	NULL,	NULL,	NULL,	NULL),
(916,	3,	1,	2,	NULL,	'Y311083',	'195/70 R14 91H SPLM704',	0,	1,	NULL,	NULL,	NULL,	NULL),
(917,	3,	1,	2,	NULL,	'Y311087',	'205/55 R16 91V SPLM704',	0,	1,	NULL,	NULL,	NULL,	NULL),
(918,	3,	1,	2,	NULL,	'Y311093',	'215/60 R16 95H SPLM704 R EQ',	0,	1,	NULL,	NULL,	NULL,	NULL),
(919,	3,	1,	2,	NULL,	'Y311103',	'225/55 R17 97V SPLM704',	0,	1,	NULL,	NULL,	NULL,	NULL),
(920,	3,	1,	2,	NULL,	'Y311107',	'235/50 R18 97V SPLM704',	0,	1,	NULL,	NULL,	NULL,	NULL),
(921,	3,	1,	2,	NULL,	'Y311875',	'215/60 R16 95V EC300+ ZR MZ',	0,	1,	NULL,	NULL,	NULL,	NULL),
(922,	3,	1,	2,	NULL,	'Y313829',	'205/45 R17 84W DZ101',	0,	1,	NULL,	NULL,	NULL,	NULL),
(923,	3,	1,	2,	NULL,	'Y313831',	'215/45 R17 87W DZ101',	0,	1,	NULL,	NULL,	NULL,	NULL),
(924,	3,	1,	2,	NULL,	'Y313833',	'225/45 R18 91W DZ101',	0,	1,	NULL,	NULL,	NULL,	NULL),
(925,	3,	1,	2,	NULL,	'Y313835',	'225/40 R18 88W DZ101',	0,	1,	NULL,	NULL,	NULL,	NULL),
(926,	3,	1,	2,	NULL,	'Y313837',	'235/40 R18 91W DZ101',	0,	1,	NULL,	NULL,	NULL,	NULL),
(927,	3,	1,	2,	NULL,	'Y313865',	'215/50 R17 91V DZ101',	0,	1,	NULL,	NULL,	NULL,	NULL),
(928,	3,	1,	2,	NULL,	'Y313867',	'215/35 R18 84W DZ101',	0,	1,	NULL,	NULL,	NULL,	NULL),
(929,	3,	1,	2,	NULL,	'Y314425',	'215/40 Z R18 89W ZE912 RF',	0,	1,	NULL,	NULL,	NULL,	NULL),
(930,	3,	1,	2,	NULL,	'Y314427',	'235/50 R18 101W ZE912 RF',	0,	1,	NULL,	NULL,	NULL,	NULL),
(931,	3,	1,	2,	NULL,	'Y315825',	'185/60 R16 86H EC300+',	0,	1,	NULL,	NULL,	NULL,	NULL),
(932,	3,	1,	2,	NULL,	'Y319645',	'140/70 R17 66H GPR300',	0,	1,	NULL,	NULL,	NULL,	NULL),
(933,	3,	1,	2,	NULL,	'Y322778',	'235/55 R20 02V MAX050 TR',	0,	1,	NULL,	NULL,	NULL,	NULL),
(934,	3,	1,	2,	NULL,	'Y322793',	'275/50 R21 13V PTA TRI XL MZ',	0,	1,	NULL,	NULL,	NULL,	NULL),
(935,	3,	1,	2,	NULL,	'Y323417',	'185/80 R17 99M TG32',	0,	1,	NULL,	NULL,	NULL,	NULL),
(936,	3,	1,	2,	NULL,	'Y325048',	'255/50 R20 105V CT50AS',	0,	1,	NULL,	NULL,	NULL,	NULL),
(937,	3,	1,	2,	NULL,	'Y325331',	'110/70 R17M 54H AL-135PF DEZ',	0,	1,	NULL,	NULL,	NULL,	NULL),
(938,	3,	1,	2,	NULL,	'Y325333',	'150/60 R17M 66H AL-135P DEZ',	0,	1,	NULL,	NULL,	NULL,	NULL),
(939,	3,	1,	2,	NULL,	'Y326089',	'215/65 R16 98H ZE914ER Z',	0,	1,	NULL,	NULL,	NULL,	NULL),
(940,	3,	1,	2,	NULL,	'Y326092',	'225/65 R17 02V ZE914ER Z',	0,	1,	NULL,	NULL,	NULL,	NULL),
(941,	3,	1,	2,	NULL,	'Y326105',	'185/60 R15 84H ZE914 ER Z',	0,	1,	NULL,	NULL,	NULL,	NULL),
(942,	3,	1,	2,	NULL,	'Y326107',	'225/60 R18 00H ZE914ER Z',	0,	1,	NULL,	NULL,	NULL,	NULL),
(943,	3,	1,	2,	NULL,	'Y326109',	'185/55 R16 83V ZE914ER Z',	0,	1,	NULL,	NULL,	NULL,	NULL),
(944,	3,	1,	2,	NULL,	'Y326111',	'195/55 R16 87V ZE914ER Z',	0,	1,	NULL,	NULL,	NULL,	NULL),
(945,	3,	1,	2,	NULL,	'Y326115',	'215/55 R17 94W ZE914ER Z',	0,	1,	NULL,	NULL,	NULL,	NULL),
(946,	3,	1,	2,	NULL,	'Y326117',	'225/55 R17 01W ZE914ER XL Z',	0,	1,	NULL,	NULL,	NULL,	NULL),
(947,	3,	1,	2,	NULL,	'Y326119',	'205/50 R17 93W ZE914ER XL Z',	0,	1,	NULL,	NULL,	NULL,	NULL),
(948,	3,	1,	2,	NULL,	'Y326121',	'235/50 R18 01W ZE914ER XL Z',	0,	1,	NULL,	NULL,	NULL,	NULL),
(949,	3,	1,	2,	NULL,	'Y326122',	'195/45 R16 84V ZE914ER XL Z',	0,	1,	NULL,	NULL,	NULL,	NULL),
(950,	3,	1,	2,	NULL,	'Y326123',	'205/45 R17 88W ZE914ER XL Z',	0,	1,	NULL,	NULL,	NULL,	NULL),
(951,	3,	1,	2,	NULL,	'Y326124',	'215/45 R18 93W ZE914ER XL Z',	0,	1,	NULL,	NULL,	NULL,	NULL),
(952,	3,	1,	2,	NULL,	'Y326125',	'225/45 R18 95W ZE914ER XL Z',	0,	1,	NULL,	NULL,	NULL,	NULL),
(953,	3,	1,	2,	NULL,	'Y326126',	'215/40 R18 89W ZE914ER XL Z',	0,	1,	NULL,	NULL,	NULL,	NULL),
(954,	3,	1,	2,	NULL,	'Y326127',	'225/40 R18 92W ZE914ER XL Z',	0,	1,	NULL,	NULL,	NULL,	NULL),
(955,	3,	1,	2,	NULL,	'Y326609',	'160/60 R17 M/C 69W GPR300',	0,	1,	NULL,	NULL,	NULL,	NULL),
(956,	3,	1,	2,	NULL,	'Y328363',	'110/70 R17 M/C 54H GPR300',	0,	1,	NULL,	NULL,	NULL,	NULL),
(957,	3,	1,	2,	NULL,	'Y328364',	'150/60 R17 M/C 66 GPR300',	0,	1,	NULL,	NULL,	NULL,	NULL),
(958,	3,	1,	2,	NULL,	'Y329030',	'11 R22.5 148M SP320',	0,	1,	NULL,	NULL,	NULL,	NULL),
(959,	3,	1,	2,	NULL,	'Y329639',	'11 R22.5 148L SP343',	0,	1,	NULL,	NULL,	NULL,	NULL),
(960,	3,	1,	2,	NULL,	'Y330624',	'11 R22.5 148M SP320',	0,	1,	NULL,	NULL,	NULL,	NULL),
(961,	3,	1,	2,	NULL,	'Y331283',	'11 R 22.5 148/145L SP343',	0,	1,	NULL,	NULL,	NULL,	NULL),
(962,	3,	1,	2,	NULL,	'Y331318',	'10.00 R 147/143 L SP320',	0,	1,	NULL,	NULL,	NULL,	NULL),
(963,	3,	1,	2,	NULL,	'Y331763',	'7.50 R16 123L SP571 WT',	0,	1,	NULL,	NULL,	NULL,	NULL),
(964,	2,	1,	5,	NULL,	'C60750',	'135/80 R12 68 S',	0,	1,	NULL,	NULL,	NULL,	NULL),
(965,	2,	1,	5,	NULL,	'C60770',	'145/80 R12 74 S',	0,	1,	NULL,	NULL,	NULL,	NULL),
(966,	2,	1,	5,	NULL,	'C68120',	'145 R12 6PRG42',	0,	1,	NULL,	NULL,	NULL,	NULL),
(969,	2,	1,	5,	NULL,	'C65950',	'155/80 R12 77 S',	0,	1,	NULL,	NULL,	NULL,	NULL),
(970,	2,	1,	5,	NULL,	'C66010',	'135/80 R13 70 5',	0,	1,	NULL,	NULL,	NULL,	NULL),
(971,	2,	1,	5,	NULL,	'C66030',	'145/80 R13 75 5',	0,	1,	NULL,	NULL,	NULL,	NULL),
(972,	2,	1,	5,	NULL,	'C66070',	'165/80  R13 83 S',	0,	1,	NULL,	NULL,	NULL,	NULL),
(973,	2,	1,	5,	NULL,	'C66090',	'165/80 R14 85 5 GT080 ',	0,	1,	NULL,	NULL,	NULL,	NULL),
(974,	2,	1,	5,	NULL,	'C66110',	'175/80 R14 88 S GT080',	0,	1,	NULL,	NULL,	NULL,	NULL),
(975,	2,	1,	5,	NULL,	'C66130',	'185/80  R14 91 S',	0,	1,	NULL,	NULL,	NULL,	NULL),
(976,	2,	1,	5,	NULL,	'C66160',	'135/80 R12 68S EC201T',	0,	1,	NULL,	NULL,	NULL,	NULL),
(977,	2,	1,	5,	NULL,	'C66180',	'145/80 R12 74S EC201T',	0,	1,	NULL,	NULL,	NULL,	NULL),
(978,	2,	1,	5,	NULL,	'C66250',	'175 S R13 SP 10 TL',	0,	1,	NULL,	NULL,	NULL,	NULL),
(979,	2,	1,	5,	NULL,	'C66350',	'205 S R14 SP10 TL',	0,	1,	NULL,	NULL,	NULL,	NULL),
(980,	2,	1,	5,	NULL,	'C65160',	'145 R12 6PR ESVN01',	0,	1,	NULL,	NULL,	NULL,	NULL),
(981,	2,	1,	5,	NULL,	'C42770',	'165 R13 8PR ESVN01',	0,	1,	NULL,	NULL,	NULL,	NULL),
(982,	2,	1,	5,	NULL,	'C42780',	'165 R13 6PR ESVN01',	0,	1,	NULL,	NULL,	NULL,	NULL),
(983,	2,	1,	5,	NULL,	'C42790',	'145 R12 8PR ESVN01',	0,	1,	NULL,	NULL,	NULL,	NULL),
(984,	2,	1,	5,	NULL,	'C42800',	'145 R13 6PR ESVN01',	0,	1,	NULL,	NULL,	NULL,	NULL),
(985,	2,	1,	5,	NULL,	'C42810',	'145 R13 8PR ESVN01',	0,	1,	NULL,	NULL,	NULL,	NULL),
(986,	2,	1,	5,	NULL,	'C42820',	'155 R12 6PR ESVN01',	0,	1,	NULL,	NULL,	NULL,	NULL),
(987,	2,	1,	5,	NULL,	'C42830',	'155 R12 8PR ESVN01',	0,	1,	NULL,	NULL,	NULL,	NULL),
(988,	2,	1,	5,	NULL,	'C42840',	'165 R14 6PR ESVN01',	0,	1,	NULL,	NULL,	NULL,	NULL),
(989,	2,	1,	5,	NULL,	'C42850',	'165 R14 8PR ESVN01',	0,	1,	NULL,	NULL,	NULL,	NULL),
(990,	2,	1,	5,	NULL,	'C42860',	'175 R14 6PR ESVN01',	0,	1,	NULL,	NULL,	NULL,	NULL),
(991,	2,	1,	5,	NULL,	'C42870',	'175 R14 8PR ESVN01',	0,	1,	NULL,	NULL,	NULL,	NULL),
(992,	2,	1,	5,	NULL,	'C42880',	'185 R14 6PR ESVN01',	0,	1,	NULL,	NULL,	NULL,	NULL),
(993,	2,	1,	5,	NULL,	'C42890',	'185 R14 8PR ESVN01',	0,	1,	NULL,	NULL,	NULL,	NULL),
(994,	2,	1,	5,	NULL,	'C43450',	'145/80 R12 SON ESVN01',	0,	1,	NULL,	NULL,	NULL,	NULL),
(995,	2,	1,	5,	NULL,	'C43460',	'145/80 R12 86N ESVN01',	0,	1,	NULL,	NULL,	NULL,	NULL),
(996,	2,	1,	5,	NULL,	'C43470',	'185/80 R14 97N ESVN01',	0,	1,	NULL,	NULL,	NULL,	NULL),
(997,	2,	1,	5,	NULL,	'C43480',	'185/80 R14 02N ESVN01',	0,	1,	NULL,	NULL,	NULL,	NULL),
(998,	2,	1,	5,	NULL,	'C43580',	'165/80 R14 91N ESVN01 JP',	0,	1,	NULL,	NULL,	NULL,	NULL),
(999,	2,	1,	5,	NULL,	'C43590',	'165/80 R14 97N ESVN01 JP',	0,	1,	NULL,	NULL,	NULL,	NULL),
(1000,	2,	1,	5,	NULL,	'C44440',	'175/80 R14 99N ESVN01',	0,	1,	NULL,	NULL,	NULL,	NULL),
(1001,	9,	2,	7,	NULL,	'C40310',	'',	0,	1,	NULL,	NULL,	NULL,	NULL),
(1002,	9,	2,	7,	NULL,	'C40320',	'',	0,	1,	NULL,	NULL,	NULL,	NULL),
(1003,	9,	2,	7,	NULL,	'C40330',	'',	0,	1,	NULL,	NULL,	NULL,	NULL),
(1004,	9,	2,	7,	NULL,	'C40340',	'',	0,	1,	NULL,	NULL,	NULL,	NULL),
(1005,	9,	2,	7,	NULL,	'C40350',	'',	0,	1,	NULL,	NULL,	NULL,	NULL),
(1006,	9,	2,	7,	NULL,	'C40360',	'',	0,	1,	NULL,	NULL,	NULL,	NULL),
(1007,	9,	2,	7,	NULL,	'C40370',	'',	0,	1,	NULL,	NULL,	NULL,	NULL),
(1008,	9,	2,	7,	NULL,	'C40380',	'',	0,	1,	NULL,	NULL,	NULL,	NULL),
(1009,	9,	2,	7,	NULL,	'C40390',	'',	0,	1,	NULL,	NULL,	NULL,	NULL),
(1010,	9,	2,	7,	NULL,	'C40400',	'',	0,	1,	NULL,	NULL,	NULL,	NULL),
(1011,	9,	2,	7,	NULL,	'C40410',	'',	0,	1,	NULL,	NULL,	NULL,	NULL),
(1012,	9,	2,	7,	NULL,	'C40420',	'',	0,	1,	NULL,	NULL,	NULL,	NULL),
(1013,	9,	2,	7,	NULL,	'C40950 / C63960',	'',	0,	1,	NULL,	NULL,	NULL,	NULL),
(1014,	9,	2,	7,	NULL,	'C41310',	'',	0,	1,	NULL,	NULL,	NULL,	NULL),
(1015,	9,	2,	7,	NULL,	'C41320',	'',	0,	1,	NULL,	NULL,	NULL,	NULL),
(1016,	9,	2,	7,	NULL,	'C41340',	'',	0,	1,	NULL,	NULL,	NULL,	NULL),
(1017,	9,	2,	7,	NULL,	'C41350',	'',	0,	1,	NULL,	NULL,	NULL,	NULL),
(1018,	9,	2,	7,	NULL,	'C41360',	'',	0,	1,	NULL,	NULL,	NULL,	NULL),
(1019,	9,	2,	7,	NULL,	'C41370',	'',	0,	1,	NULL,	NULL,	NULL,	NULL),
(1020,	9,	2,	7,	NULL,	'C41380',	'',	0,	1,	NULL,	NULL,	NULL,	NULL),
(1021,	9,	2,	7,	NULL,	'C41390',	'',	0,	1,	NULL,	NULL,	NULL,	NULL),
(1022,	9,	2,	7,	NULL,	'C41400',	'',	0,	1,	NULL,	NULL,	NULL,	NULL),
(1023,	9,	2,	7,	NULL,	'C41410',	'',	0,	1,	NULL,	NULL,	NULL,	NULL),
(1024,	9,	2,	7,	NULL,	'C41420',	'',	0,	1,	NULL,	NULL,	NULL,	NULL),
(1025,	9,	2,	7,	NULL,	'C41430',	'',	0,	1,	NULL,	NULL,	NULL,	NULL),
(1026,	9,	2,	7,	NULL,	'C41440',	'',	0,	1,	NULL,	NULL,	NULL,	NULL),
(1027,	9,	2,	7,	NULL,	'C41450',	'',	0,	1,	NULL,	NULL,	NULL,	NULL),
(1028,	9,	2,	7,	NULL,	'C41460',	'',	0,	1,	NULL,	NULL,	NULL,	NULL),
(1029,	9,	2,	7,	NULL,	'C41470',	'',	0,	1,	NULL,	NULL,	NULL,	NULL),
(1030,	9,	2,	7,	NULL,	'C41480',	'',	0,	1,	NULL,	NULL,	NULL,	NULL),
(1031,	9,	2,	7,	NULL,	'C41490',	'',	0,	1,	NULL,	NULL,	NULL,	NULL),
(1032,	9,	2,	7,	NULL,	'C41500',	'',	0,	1,	NULL,	NULL,	NULL,	NULL),
(1033,	9,	2,	7,	NULL,	'C41510',	'',	0,	1,	NULL,	NULL,	NULL,	NULL),
(1034,	9,	2,	7,	NULL,	'C41520',	'',	0,	1,	NULL,	NULL,	NULL,	NULL),
(1035,	9,	2,	7,	NULL,	'C41530',	'',	0,	1,	NULL,	NULL,	NULL,	NULL),
(1036,	9,	2,	7,	NULL,	'C41540',	'',	0,	1,	NULL,	NULL,	NULL,	NULL),
(1037,	9,	2,	7,	NULL,	'C41550',	'',	0,	1,	NULL,	NULL,	NULL,	NULL),
(1038,	9,	2,	7,	NULL,	'C41560',	'',	0,	1,	NULL,	NULL,	NULL,	NULL),
(1039,	9,	2,	7,	NULL,	'C41570',	'',	0,	1,	NULL,	NULL,	NULL,	NULL),
(1040,	9,	2,	7,	NULL,	'C41580',	'',	0,	1,	NULL,	NULL,	NULL,	NULL),
(1041,	9,	2,	7,	NULL,	'C41590',	'',	0,	1,	NULL,	NULL,	NULL,	NULL),
(1042,	9,	2,	7,	NULL,	'C41600',	'',	0,	1,	NULL,	NULL,	NULL,	NULL),
(1043,	9,	2,	7,	NULL,	'C41610',	'',	0,	1,	NULL,	NULL,	NULL,	NULL),
(1044,	9,	2,	7,	NULL,	'C41620',	'',	0,	1,	NULL,	NULL,	NULL,	NULL),
(1045,	9,	2,	7,	NULL,	'C41630',	'',	0,	1,	NULL,	NULL,	NULL,	NULL),
(1046,	9,	2,	7,	NULL,	'C41640',	'',	0,	1,	NULL,	NULL,	NULL,	NULL),
(1047,	9,	2,	7,	NULL,	'C41650',	'',	0,	1,	NULL,	NULL,	NULL,	NULL),
(1048,	9,	2,	7,	NULL,	'C41660',	'',	0,	1,	NULL,	NULL,	NULL,	NULL),
(1049,	9,	2,	7,	NULL,	'C41670',	'',	0,	1,	NULL,	NULL,	NULL,	NULL),
(1050,	9,	2,	7,	NULL,	'C41680',	'',	0,	1,	NULL,	NULL,	NULL,	NULL),
(1051,	9,	2,	7,	NULL,	'C41690',	'',	0,	1,	NULL,	NULL,	NULL,	NULL),
(1052,	9,	2,	7,	NULL,	'C41700',	'',	0,	1,	NULL,	NULL,	NULL,	NULL),
(1053,	9,	2,	7,	NULL,	'C41710',	'',	0,	1,	NULL,	NULL,	NULL,	NULL),
(1054,	9,	2,	7,	NULL,	'C41740 / C44390',	'',	0,	1,	NULL,	NULL,	NULL,	NULL),
(1055,	9,	2,	7,	NULL,	'C41750',	'',	0,	1,	NULL,	NULL,	NULL,	NULL),
(1056,	9,	2,	7,	NULL,	'C41760',	'',	0,	1,	NULL,	NULL,	NULL,	NULL),
(1057,	9,	2,	7,	NULL,	'C41800',	'',	0,	1,	NULL,	NULL,	NULL,	NULL),
(1058,	9,	2,	7,	NULL,	'C41820',	'',	0,	1,	NULL,	NULL,	NULL,	NULL),
(1059,	9,	2,	7,	NULL,	'C41840',	'',	0,	1,	NULL,	NULL,	NULL,	NULL),
(1060,	9,	2,	7,	NULL,	'C41960',	'',	0,	1,	NULL,	NULL,	NULL,	NULL),
(1061,	9,	2,	7,	NULL,	'C41970',	'',	0,	1,	NULL,	NULL,	NULL,	NULL),
(1062,	9,	2,	7,	NULL,	'C41980',	'',	0,	1,	NULL,	NULL,	NULL,	NULL),
(1063,	9,	2,	7,	NULL,	'C41990',	'',	0,	1,	NULL,	NULL,	NULL,	NULL),
(1064,	9,	2,	7,	NULL,	'C42000 / C44380',	'',	0,	1,	NULL,	NULL,	NULL,	NULL),
(1065,	9,	2,	7,	NULL,	'C42030 / C44400',	'',	0,	1,	NULL,	NULL,	NULL,	NULL),
(1066,	9,	2,	7,	NULL,	'C44370 / C42040',	'',	0,	1,	NULL,	NULL,	NULL,	NULL),
(1067,	9,	2,	7,	NULL,	'C42050',	'',	0,	1,	NULL,	NULL,	NULL,	NULL),
(1068,	9,	2,	7,	NULL,	'C42320',	'',	0,	1,	NULL,	NULL,	NULL,	NULL),
(1069,	9,	2,	7,	NULL,	'C43440',	'',	0,	1,	NULL,	NULL,	NULL,	NULL),
(1070,	9,	2,	7,	NULL,	'C43520',	'',	0,	1,	NULL,	NULL,	NULL,	NULL),
(1071,	9,	2,	7,	NULL,	'C43620',	'',	0,	1,	NULL,	NULL,	NULL,	NULL),
(1072,	9,	2,	7,	NULL,	'C43630',	'',	0,	1,	NULL,	NULL,	NULL,	NULL),
(1073,	9,	2,	7,	NULL,	'C43650',	'',	0,	1,	NULL,	NULL,	NULL,	NULL),
(1074,	9,	2,	7,	NULL,	'C43660',	'',	0,	1,	NULL,	NULL,	NULL,	NULL),
(1075,	9,	2,	7,	NULL,	'C43670',	'',	0,	1,	NULL,	NULL,	NULL,	NULL),
(1076,	9,	2,	7,	NULL,	'C43680',	'',	0,	1,	NULL,	NULL,	NULL,	NULL),
(1077,	9,	2,	7,	NULL,	'C43690',	'',	0,	1,	NULL,	NULL,	NULL,	NULL),
(1078,	9,	2,	7,	NULL,	'C43700',	'',	0,	1,	NULL,	NULL,	NULL,	NULL),
(1079,	9,	2,	7,	NULL,	'C43710',	'',	0,	1,	NULL,	NULL,	NULL,	NULL),
(1080,	9,	2,	7,	NULL,	'C43720',	'',	0,	1,	NULL,	NULL,	NULL,	NULL),
(1081,	9,	2,	7,	NULL,	'C43730',	'',	0,	1,	NULL,	NULL,	NULL,	NULL),
(1082,	9,	2,	7,	NULL,	'C43740',	'',	0,	1,	NULL,	NULL,	NULL,	NULL),
(1083,	9,	2,	7,	NULL,	'C43750',	'',	0,	1,	NULL,	NULL,	NULL,	NULL),
(1084,	9,	2,	7,	NULL,	'C43770',	'',	0,	1,	NULL,	NULL,	NULL,	NULL),
(1085,	9,	2,	7,	NULL,	'C43780',	'',	0,	1,	NULL,	NULL,	NULL,	NULL),
(1086,	9,	2,	7,	NULL,	'C43790',	'',	0,	1,	NULL,	NULL,	NULL,	NULL),
(1087,	9,	2,	7,	NULL,	'C43810',	'',	0,	1,	NULL,	NULL,	NULL,	NULL),
(1088,	9,	2,	7,	NULL,	'C43820',	'',	0,	1,	NULL,	NULL,	NULL,	NULL),
(1089,	9,	2,	7,	NULL,	'C43830',	'',	0,	1,	NULL,	NULL,	NULL,	NULL),
(1090,	9,	2,	7,	NULL,	'C44430',	'',	0,	1,	NULL,	NULL,	NULL,	NULL),
(1091,	9,	2,	7,	NULL,	'C44660',	'',	0,	1,	NULL,	NULL,	NULL,	NULL),
(1092,	9,	2,	7,	NULL,	'C44670',	'',	0,	1,	NULL,	NULL,	NULL,	NULL),
(1093,	9,	2,	7,	NULL,	'C44450 / C45010',	'',	0,	1,	NULL,	NULL,	NULL,	NULL),
(1094,	9,	2,	7,	NULL,	'C44460 / C45000',	'',	0,	1,	NULL,	NULL,	NULL,	NULL),
(1095,	9,	2,	7,	NULL,	'C44470 / C44970',	'',	0,	1,	NULL,	NULL,	NULL,	NULL),
(1096,	9,	2,	7,	NULL,	'C44480 / C44980',	'',	0,	1,	NULL,	NULL,	NULL,	NULL),
(1097,	9,	2,	7,	NULL,	'C44490',	'',	0,	1,	NULL,	NULL,	NULL,	NULL),
(1098,	9,	2,	7,	NULL,	'C44500 / C44990',	'',	0,	1,	NULL,	NULL,	NULL,	NULL),
(1099,	9,	2,	7,	NULL,	'C44510',	'',	0,	1,	NULL,	NULL,	NULL,	NULL),
(1100,	9,	2,	7,	NULL,	'C61000',	'',	0,	1,	NULL,	NULL,	NULL,	NULL),
(1101,	9,	2,	7,	NULL,	'C61050',	'',	0,	1,	NULL,	NULL,	NULL,	NULL),
(1102,	9,	2,	7,	NULL,	'C61100',	'',	0,	1,	NULL,	NULL,	NULL,	NULL),
(1103,	9,	2,	7,	NULL,	'C61150',	'',	0,	1,	NULL,	NULL,	NULL,	NULL),
(1104,	9,	2,	7,	NULL,	'C61220',	'',	0,	1,	NULL,	NULL,	NULL,	NULL),
(1105,	9,	2,	7,	NULL,	'C61450',	'',	0,	1,	NULL,	NULL,	NULL,	NULL),
(1106,	9,	2,	7,	NULL,	'C61900',	'',	0,	1,	NULL,	NULL,	NULL,	NULL),
(1107,	9,	2,	7,	NULL,	'C62360',	'',	0,	1,	NULL,	NULL,	NULL,	NULL),
(1108,	9,	2,	7,	NULL,	'C62370',	'',	0,	1,	NULL,	NULL,	NULL,	NULL),
(1109,	9,	2,	7,	NULL,	'C62380',	'',	0,	1,	NULL,	NULL,	NULL,	NULL),
(1110,	9,	2,	7,	NULL,	'C62450',	'',	0,	1,	NULL,	NULL,	NULL,	NULL),
(1111,	9,	2,	7,	NULL,	'C62470',	'',	0,	1,	NULL,	NULL,	NULL,	NULL),
(1112,	9,	2,	7,	NULL,	'C63130',	'',	0,	1,	NULL,	NULL,	NULL,	NULL),
(1113,	9,	2,	7,	NULL,	'C63140',	'',	0,	1,	NULL,	NULL,	NULL,	NULL),
(1114,	9,	2,	7,	NULL,	'C63170',	'',	0,	1,	NULL,	NULL,	NULL,	NULL),
(1115,	9,	2,	7,	NULL,	'C63180',	'',	0,	1,	NULL,	NULL,	NULL,	NULL),
(1116,	9,	2,	7,	NULL,	'C63190',	'',	0,	1,	NULL,	NULL,	NULL,	NULL),
(1117,	9,	2,	7,	NULL,	'C63220',	'',	0,	1,	NULL,	NULL,	NULL,	NULL),
(1118,	9,	2,	7,	NULL,	'C63230',	'',	0,	1,	NULL,	NULL,	NULL,	NULL),
(1119,	9,	2,	7,	NULL,	'C63270',	'',	0,	1,	NULL,	NULL,	NULL,	NULL),
(1120,	9,	2,	7,	NULL,	'C63280',	'',	0,	1,	NULL,	NULL,	NULL,	NULL),
(1121,	9,	2,	7,	NULL,	'C63330',	'',	0,	1,	NULL,	NULL,	NULL,	NULL),
(1122,	9,	2,	7,	NULL,	'C63340',	'',	0,	1,	NULL,	NULL,	NULL,	NULL),
(1123,	9,	2,	7,	NULL,	'C63370',	'',	0,	1,	NULL,	NULL,	NULL,	NULL),
(1124,	9,	2,	7,	NULL,	'C63380',	'',	0,	1,	NULL,	NULL,	NULL,	NULL),
(1125,	9,	2,	7,	NULL,	'C63390',	'',	0,	1,	NULL,	NULL,	NULL,	NULL),
(1126,	9,	2,	7,	NULL,	'C63430',	'',	0,	1,	NULL,	NULL,	NULL,	NULL),
(1127,	9,	2,	7,	NULL,	'C63440',	'',	0,	1,	NULL,	NULL,	NULL,	NULL),
(1128,	9,	2,	7,	NULL,	'C63470',	'',	0,	1,	NULL,	NULL,	NULL,	NULL),
(1129,	9,	2,	7,	NULL,	'C63550',	'',	0,	1,	NULL,	NULL,	NULL,	NULL),
(1130,	9,	2,	7,	NULL,	'C63580',	'',	0,	1,	NULL,	NULL,	NULL,	NULL),
(1131,	9,	2,	7,	NULL,	'C63590',	'',	0,	1,	NULL,	NULL,	NULL,	NULL),
(1132,	9,	2,	7,	NULL,	'C63600',	'',	0,	1,	NULL,	NULL,	NULL,	NULL),
(1133,	9,	2,	7,	NULL,	'C63610',	'',	0,	1,	NULL,	NULL,	NULL,	NULL),
(1134,	9,	2,	7,	NULL,	'C63620',	'',	0,	1,	NULL,	NULL,	NULL,	NULL),
(1135,	9,	2,	7,	NULL,	'C63650',	'',	0,	1,	NULL,	NULL,	NULL,	NULL),
(1136,	9,	2,	7,	NULL,	'C63660',	'',	0,	1,	NULL,	NULL,	NULL,	NULL),
(1137,	9,	2,	7,	NULL,	'C63750',	'',	0,	1,	NULL,	NULL,	NULL,	NULL),
(1138,	9,	2,	7,	NULL,	'C63800',	'',	0,	1,	NULL,	NULL,	NULL,	NULL),
(1139,	9,	2,	7,	NULL,	'C63830',	'',	0,	1,	NULL,	NULL,	NULL,	NULL),
(1140,	9,	2,	7,	NULL,	'C64000',	'',	0,	1,	NULL,	NULL,	NULL,	NULL),
(1141,	9,	2,	7,	NULL,	'C64010',	'',	0,	1,	NULL,	NULL,	NULL,	NULL),
(1142,	9,	2,	7,	NULL,	'C64040',	'',	0,	1,	NULL,	NULL,	NULL,	NULL),
(1143,	9,	2,	7,	NULL,	'C64050',	'',	0,	1,	NULL,	NULL,	NULL,	NULL),
(1144,	9,	2,	7,	NULL,	'C64070',	'',	0,	1,	NULL,	NULL,	NULL,	NULL),
(1145,	9,	2,	7,	NULL,	'C64110',	'',	0,	1,	NULL,	NULL,	NULL,	NULL),
(1146,	9,	2,	7,	NULL,	'C64120',	'',	0,	1,	NULL,	NULL,	NULL,	NULL),
(1147,	9,	2,	7,	NULL,	'C64280',	'',	0,	1,	NULL,	NULL,	NULL,	NULL),
(1148,	9,	2,	7,	NULL,	'C64490',	'',	0,	1,	NULL,	NULL,	NULL,	NULL),
(1149,	9,	2,	7,	NULL,	'C64580',	'',	0,	1,	NULL,	NULL,	NULL,	NULL),
(1150,	9,	2,	7,	NULL,	'C64620',	'',	0,	1,	NULL,	NULL,	NULL,	NULL),
(1151,	9,	2,	7,	NULL,	'C64650',	'',	0,	1,	NULL,	NULL,	NULL,	NULL),
(1152,	9,	2,	7,	NULL,	'C64660',	'',	0,	1,	NULL,	NULL,	NULL,	NULL),
(1153,	9,	2,	7,	NULL,	'C64680',	'',	0,	1,	NULL,	NULL,	NULL,	NULL),
(1154,	9,	2,	7,	NULL,	'C64700',	'',	0,	1,	NULL,	NULL,	NULL,	NULL),
(1155,	9,	2,	7,	NULL,	'C64710',	'',	0,	1,	NULL,	NULL,	NULL,	NULL),
(1156,	9,	2,	7,	NULL,	'C64750',	'',	0,	1,	NULL,	NULL,	NULL,	NULL),
(1157,	9,	2,	7,	NULL,	'C64760',	'',	0,	1,	NULL,	NULL,	NULL,	NULL),
(1158,	9,	2,	7,	NULL,	'C64790',	'',	0,	1,	NULL,	NULL,	NULL,	NULL),
(1159,	9,	2,	7,	NULL,	'C64820',	'',	0,	1,	NULL,	NULL,	NULL,	NULL),
(1160,	9,	2,	7,	NULL,	'C64860',	'',	0,	1,	NULL,	NULL,	NULL,	NULL),
(1161,	9,	2,	7,	NULL,	'C65040',	'',	0,	1,	NULL,	NULL,	NULL,	NULL),
(1162,	9,	2,	7,	NULL,	'C65170',	'',	0,	1,	NULL,	NULL,	NULL,	NULL),
(1163,	9,	2,	7,	NULL,	'C65180',	'',	0,	1,	NULL,	NULL,	NULL,	NULL),
(1164,	9,	2,	7,	NULL,	'C65240',	'',	0,	1,	NULL,	NULL,	NULL,	NULL),
(1165,	9,	2,	7,	NULL,	'C65280',	'',	0,	1,	NULL,	NULL,	NULL,	NULL),
(1166,	9,	2,	7,	NULL,	'C65640',	'',	0,	1,	NULL,	NULL,	NULL,	NULL),
(1167,	9,	2,	7,	NULL,	'C65910',	'',	0,	1,	NULL,	NULL,	NULL,	NULL),
(1168,	9,	2,	7,	NULL,	'C65930',	'',	0,	1,	NULL,	NULL,	NULL,	NULL),
(1169,	9,	2,	7,	NULL,	'C66000',	'',	0,	1,	NULL,	NULL,	NULL,	NULL),
(1170,	9,	2,	7,	NULL,	'C66390 / C44420',	'',	0,	1,	NULL,	NULL,	NULL,	NULL),
(1171,	9,	2,	7,	NULL,	'C68090',	'',	0,	1,	NULL,	NULL,	NULL,	NULL),
(1172,	9,	2,	7,	NULL,	'C68420',	'',	0,	1,	NULL,	NULL,	NULL,	NULL),
(1173,	9,	2,	7,	NULL,	'C68710',	'',	0,	1,	NULL,	NULL,	NULL,	NULL),
(1174,	9,	2,	7,	NULL,	'C68760',	'',	0,	1,	NULL,	NULL,	NULL,	NULL),
(1175,	9,	2,	7,	NULL,	'C68780',	'',	0,	1,	NULL,	NULL,	NULL,	NULL),
(1176,	9,	2,	7,	NULL,	'C68810',	'',	0,	1,	NULL,	NULL,	NULL,	NULL),
(1177,	9,	2,	7,	NULL,	'C68820',	'',	0,	1,	NULL,	NULL,	NULL,	NULL),
(1178,	9,	2,	7,	NULL,	'C68840',	'',	0,	1,	NULL,	NULL,	NULL,	NULL),
(1179,	9,	2,	7,	NULL,	'C68900',	'',	0,	1,	NULL,	NULL,	NULL,	NULL),
(1180,	9,	2,	7,	NULL,	'C69060',	'',	0,	1,	NULL,	NULL,	NULL,	NULL),
(1181,	9,	2,	7,	NULL,	'C69110',	'',	0,	1,	NULL,	NULL,	NULL,	NULL),
(1182,	9,	2,	7,	NULL,	'C69160',	'',	0,	1,	NULL,	NULL,	NULL,	NULL),
(1183,	9,	2,	7,	NULL,	'C69170',	'',	0,	1,	NULL,	NULL,	NULL,	NULL),
(1184,	9,	2,	7,	NULL,	'C69190',	'',	0,	1,	NULL,	NULL,	NULL,	NULL),
(1185,	9,	2,	7,	NULL,	'C69820',	'',	0,	1,	NULL,	NULL,	NULL,	NULL),
(1186,	9,	2,	7,	NULL,	'C69840',	'',	0,	1,	NULL,	NULL,	NULL,	NULL),
(1187,	9,	2,	7,	NULL,	'C69860',	'',	0,	1,	NULL,	NULL,	NULL,	NULL),
(1188,	9,	2,	7,	NULL,	'C69870',	'',	0,	1,	NULL,	NULL,	NULL,	NULL),
(1189,	9,	2,	7,	NULL,	'C69880',	'',	0,	1,	NULL,	NULL,	NULL,	NULL),
(1190,	9,	2,	7,	NULL,	'C69890',	'',	0,	1,	NULL,	NULL,	NULL,	NULL),
(1191,	9,	2,	7,	NULL,	'C69900',	'',	0,	1,	NULL,	NULL,	NULL,	NULL),
(1192,	9,	2,	7,	NULL,	'C69910',	'',	0,	1,	NULL,	NULL,	NULL,	NULL),
(1193,	9,	2,	7,	NULL,	'C69920',	'',	0,	1,	NULL,	NULL,	NULL,	NULL),
(1194,	9,	2,	7,	NULL,	'C69930 / C43110',	'',	0,	1,	NULL,	NULL,	NULL,	NULL),
(1195,	9,	2,	7,	NULL,	'C69940',	'',	0,	1,	NULL,	NULL,	NULL,	NULL),
(1196,	9,	2,	7,	NULL,	'C69950',	'',	0,	1,	NULL,	NULL,	NULL,	NULL),
(1197,	9,	2,	7,	NULL,	'C69960',	'',	0,	1,	NULL,	NULL,	NULL,	NULL),
(1198,	9,	2,	7,	NULL,	'C69970',	'',	0,	1,	NULL,	NULL,	NULL,	NULL),
(1199,	9,	2,	7,	NULL,	'C69980',	'',	0,	1,	NULL,	NULL,	NULL,	NULL),
(1200,	9,	2,	8,	NULL,	'C77510',	'',	0,	1,	NULL,	NULL,	NULL,	NULL),
(1201,	9,	2,	8,	NULL,	'C78570',	'',	0,	1,	NULL,	NULL,	NULL,	NULL),
(1202,	9,	2,	8,	NULL,	'C78580',	'',	0,	1,	NULL,	NULL,	NULL,	NULL),
(1203,	9,	2,	8,	NULL,	'C78590',	'',	0,	1,	NULL,	NULL,	NULL,	NULL),
(1204,	9,	2,	8,	NULL,	'C78600',	'',	0,	1,	NULL,	NULL,	NULL,	NULL),
(1205,	9,	2,	8,	NULL,	'C78610',	'',	0,	1,	NULL,	NULL,	NULL,	NULL),
(1206,	9,	2,	8,	NULL,	'C78620',	'',	0,	1,	NULL,	NULL,	NULL,	NULL),
(1207,	9,	2,	8,	NULL,	'C78630',	'',	0,	1,	NULL,	NULL,	NULL,	NULL),
(1208,	9,	2,	8,	NULL,	'C78640 / C79900',	'',	0,	1,	NULL,	NULL,	NULL,	NULL),
(1209,	9,	2,	8,	NULL,	'C78650',	'',	0,	1,	NULL,	NULL,	NULL,	NULL),
(1210,	9,	2,	8,	NULL,	'C78660',	'',	0,	1,	NULL,	NULL,	NULL,	NULL),
(1211,	9,	2,	8,	NULL,	'C78670',	'',	0,	1,	NULL,	NULL,	NULL,	NULL),
(1212,	9,	2,	8,	NULL,	'C78680',	'',	0,	1,	NULL,	NULL,	NULL,	NULL),
(1213,	9,	2,	8,	NULL,	'C78690',	'',	0,	1,	NULL,	NULL,	NULL,	NULL),
(1214,	9,	2,	8,	NULL,	'C78700',	'',	0,	1,	NULL,	NULL,	NULL,	NULL),
(1215,	9,	2,	8,	NULL,	'C78710',	'',	0,	1,	NULL,	NULL,	NULL,	NULL),
(1216,	9,	2,	8,	NULL,	'C78720',	'',	0,	1,	NULL,	NULL,	NULL,	NULL),
(1217,	9,	2,	8,	NULL,	'C78730',	'',	0,	1,	NULL,	NULL,	NULL,	NULL),
(1218,	9,	2,	8,	NULL,	'C78740',	'',	0,	1,	NULL,	NULL,	NULL,	NULL),
(1219,	9,	2,	8,	NULL,	'C78750',	'',	0,	1,	NULL,	NULL,	NULL,	NULL),
(1220,	9,	2,	8,	NULL,	'C78760',	'',	0,	1,	NULL,	NULL,	NULL,	NULL),
(1221,	9,	2,	8,	NULL,	'C78770',	'',	0,	1,	NULL,	NULL,	NULL,	NULL),
(1222,	9,	2,	8,	NULL,	'C78780',	'',	0,	1,	NULL,	NULL,	NULL,	NULL),
(1223,	9,	2,	8,	NULL,	'C78790',	'',	0,	1,	NULL,	NULL,	NULL,	NULL),
(1224,	9,	2,	8,	NULL,	'C78800',	'',	0,	1,	NULL,	NULL,	NULL,	NULL),
(1225,	9,	2,	8,	NULL,	'C78810',	'',	0,	1,	NULL,	NULL,	NULL,	NULL),
(1226,	9,	2,	8,	NULL,	'C78820',	'',	0,	1,	NULL,	NULL,	NULL,	NULL),
(1227,	9,	2,	8,	NULL,	'C78830',	'',	0,	1,	NULL,	NULL,	NULL,	NULL),
(1228,	9,	2,	8,	NULL,	'C78840',	'',	0,	1,	NULL,	NULL,	NULL,	NULL),
(1229,	9,	2,	8,	NULL,	'C78850',	'',	0,	1,	NULL,	NULL,	NULL,	NULL),
(1230,	9,	2,	8,	NULL,	'C78860',	'',	0,	1,	NULL,	NULL,	NULL,	NULL),
(1231,	9,	2,	8,	NULL,	'C78870',	'',	0,	1,	NULL,	NULL,	NULL,	NULL),
(1232,	9,	2,	8,	NULL,	'C78920',	'',	0,	1,	NULL,	NULL,	NULL,	NULL),
(1233,	9,	2,	8,	NULL,	'C78930',	'',	0,	1,	NULL,	NULL,	NULL,	NULL),
(1234,	9,	2,	8,	NULL,	'C78940',	'',	0,	1,	NULL,	NULL,	NULL,	NULL),
(1235,	9,	2,	8,	NULL,	'C78950',	'',	0,	1,	NULL,	NULL,	NULL,	NULL),
(1236,	9,	2,	8,	NULL,	'C79040',	'',	0,	1,	NULL,	NULL,	NULL,	NULL),
(1237,	9,	2,	8,	NULL,	'C79150',	'',	0,	1,	NULL,	NULL,	NULL,	NULL),
(1238,	9,	2,	8,	NULL,	'C79160',	'',	0,	1,	NULL,	NULL,	NULL,	NULL),
(1239,	9,	2,	8,	NULL,	'C79170',	'',	0,	1,	NULL,	NULL,	NULL,	NULL),
(1240,	9,	2,	7,	NULL,	'C43510 / C43910',	'',	0,	1,	NULL,	NULL,	NULL,	NULL),
(1241,	9,	2,	7,	NULL,	'C43600 / C43990',	'',	0,	1,	NULL,	NULL,	NULL,	NULL),
(1242,	9,	2,	7,	NULL,	'C43610 / C43980',	'',	0,	1,	NULL,	NULL,	NULL,	NULL),
(1243,	9,	2,	7,	NULL,	'C43640 / C44220',	'',	0,	1,	NULL,	NULL,	NULL,	NULL),
(1244,	9,	2,	7,	NULL,	'C43760 / C44100',	'',	0,	1,	NULL,	NULL,	NULL,	NULL),
(1245,	9,	2,	7,	NULL,	'C44010 / C43800',	'',	0,	1,	NULL,	NULL,	NULL,	NULL),
(1246,	9,	2,	7,	NULL,	'C44240 / C68370',	'',	0,	1,	NULL,	NULL,	NULL,	NULL),
(1247,	9,	2,	7,	NULL,	'C61910 / C61920',	'',	0,	1,	NULL,	NULL,	NULL,	NULL),
(1248,	9,	2,	7,	NULL,	'C63460 / C68460 / C45460',	'',	0,	1,	NULL,	NULL,	NULL,	NULL),
(1249,	9,	2,	7,	NULL,	'C63860 / C63670 / C44530',	'',	0,	1,	NULL,	NULL,	NULL,	NULL),
(1250,	9,	2,	7,	NULL,	'C63870 / C65870',	'',	0,	1,	NULL,	NULL,	NULL,	NULL),
(1251,	9,	2,	7,	NULL,	'C63940 / C63920',	'',	0,	1,	NULL,	NULL,	NULL,	NULL),
(1252,	9,	2,	7,	NULL,	'C63990 / C69990',	'',	0,	1,	NULL,	NULL,	NULL,	NULL),
(1253,	9,	2,	7,	NULL,	'C64020 / C44540',	'',	0,	1,	NULL,	NULL,	NULL,	NULL),
(1254,	9,	2,	7,	NULL,	'C64220 / C64190',	'',	0,	1,	NULL,	NULL,	NULL,	NULL),
(1255,	9,	2,	7,	NULL,	'C64840 / C43920',	'',	0,	1,	NULL,	NULL,	NULL,	NULL),
(1256,	9,	2,	7,	NULL,	'C64940 / C64950 / C43930',	'',	0,	1,	NULL,	NULL,	NULL,	NULL),
(1257,	9,	2,	7,	NULL,	'C64970 / C43940',	'',	0,	1,	NULL,	NULL,	NULL,	NULL),
(1258,	9,	2,	7,	NULL,	'C69090 / C69040',	'',	0,	1,	NULL,	NULL,	NULL,	NULL),
(1259,	9,	2,	7,	NULL,	'C69100 / C69050',	'',	0,	1,	NULL,	NULL,	NULL,	NULL),
(1260,	9,	2,	11,	NULL,	'DB',	'',	0,	1,	NULL,	NULL,	NULL,	NULL),
(1261,	9,	2,	9,	NULL,	'PERD. JAPAN',	'',	0,	1,	NULL,	NULL,	NULL,	NULL),
(1262,	9,	2,	9,	NULL,	'PERD. THAILAND',	'',	0,	1,	NULL,	NULL,	NULL,	NULL),
(1263,	9,	2,	10,	NULL,	'TB',	'',	0,	1,	NULL,	NULL,	NULL,	NULL),
(1264,	9,	2,	8,	NULL,	'C79240',	'',	0,	1,	NULL,	NULL,	NULL,	NULL),
(1265,	9,	2,	8,	NULL,	'C79250',	'',	0,	1,	NULL,	NULL,	NULL,	NULL),
(1266,	9,	2,	8,	NULL,	'C79730',	'',	0,	1,	NULL,	NULL,	NULL,	NULL),
(1267,	9,	2,	8,	NULL,	'C79740',	'',	0,	1,	NULL,	NULL,	NULL,	NULL),
(1268,	9,	2,	8,	NULL,	'C79760',	'',	0,	1,	NULL,	NULL,	NULL,	NULL),
(1269,	9,	2,	8,	NULL,	'C79770',	'',	0,	1,	NULL,	NULL,	NULL,	NULL),
(1286,	10,	2,	7,	NULL,	'C60000',	'',	0,	1,	NULL,	NULL,	NULL,	NULL),
(1288,	10,	2,	7,	NULL,	'C60020',	'',	0,	1,	NULL,	NULL,	NULL,	NULL),
(1292,	10,	2,	7,	NULL,	'C60070',	'',	0,	1,	NULL,	NULL,	NULL,	NULL),
(1293,	10,	2,	7,	NULL,	'C60100',	'',	0,	1,	NULL,	NULL,	NULL,	NULL),
(1294,	10,	2,	7,	NULL,	'C60120',	'',	0,	1,	NULL,	NULL,	NULL,	NULL),
(1298,	10,	2,	7,	NULL,	'C60160',	'',	0,	1,	NULL,	NULL,	NULL,	NULL),
(1299,	10,	2,	7,	NULL,	'C60170',	'',	0,	1,	NULL,	NULL,	NULL,	NULL),
(1303,	10,	2,	7,	NULL,	'C60210',	'',	0,	1,	NULL,	NULL,	NULL,	NULL),
(1305,	10,	2,	7,	NULL,	'C60230',	'',	0,	1,	NULL,	NULL,	NULL,	NULL),
(1306,	10,	2,	7,	NULL,	'C60240',	'',	0,	1,	NULL,	NULL,	NULL,	NULL),
(1309,	10,	2,	7,	NULL,	'C60270',	'',	0,	1,	NULL,	NULL,	NULL,	NULL),
(1311,	10,	2,	7,	NULL,	'C60290',	'',	0,	1,	NULL,	NULL,	NULL,	NULL),
(1315,	10,	2,	7,	NULL,	'C60330',	'',	0,	1,	NULL,	NULL,	NULL,	NULL),
(1316,	10,	2,	7,	NULL,	'C60340',	'',	0,	1,	NULL,	NULL,	NULL,	NULL),
(1317,	10,	2,	7,	NULL,	'C60370',	'',	0,	1,	NULL,	NULL,	NULL,	NULL),
(1320,	10,	2,	7,	NULL,	'C60650',	'',	0,	1,	NULL,	NULL,	NULL,	NULL),
(1323,	10,	2,	7,	NULL,	'C61580',	'',	0,	1,	NULL,	NULL,	NULL,	NULL),
(1327,	10,	2,	7,	NULL,	'C60060 / C62630',	'',	0,	1,	NULL,	NULL,	NULL,	NULL),
(1328,	10,	2,	7,	NULL,	'C60080 / C62620',	'',	0,	1,	NULL,	NULL,	NULL,	NULL),
(1329,	10,	2,	7,	NULL,	'C60090 / C62610',	'',	0,	1,	NULL,	NULL,	NULL,	NULL),
(1330,	10,	2,	7,	NULL,	'C60110 / C62290',	'',	0,	1,	NULL,	NULL,	NULL,	NULL),
(1337,	10,	2,	7,	NULL,	'C44290',	'',	0,	1,	NULL,	NULL,	NULL,	NULL),
(1339,	10,	2,	7,	NULL,	'C44320 / C42930',	'',	0,	1,	NULL,	NULL,	NULL,	NULL),
(1340,	10,	2,	7,	NULL,	'C44330',	'',	0,	1,	NULL,	NULL,	NULL,	NULL),
(1341,	10,	2,	7,	NULL,	'C44340 / C42950',	'',	0,	1,	NULL,	NULL,	NULL,	NULL),
(1343,	10,	2,	7,	NULL,	'C44270 / C42990',	'',	0,	1,	NULL,	NULL,	NULL,	NULL),
(1344,	10,	2,	7,	NULL,	'C44310 / C42920',	'',	0,	1,	NULL,	NULL,	NULL,	NULL),
(1345,	10,	2,	7,	NULL,	'C44260 / C42980',	'',	0,	1,	NULL,	NULL,	NULL,	NULL),
(1347,	10,	2,	7,	NULL,	'C43570',	'',	0,	1,	NULL,	NULL,	NULL,	NULL),
(1348,	10,	2,	7,	NULL,	'C69830',	'',	0,	1,	NULL,	NULL,	NULL,	NULL),
(1349,	10,	2,	7,	NULL,	'C40870',	'',	0,	1,	NULL,	NULL,	NULL,	NULL),
(1350,	10,	2,	7,	NULL,	'C44250 / C42970',	'',	0,	1,	NULL,	NULL,	NULL,	NULL),
(1351,	10,	2,	7,	NULL,	'C43560',	'',	0,	1,	NULL,	NULL,	NULL,	NULL),
(1352,	11,	2,	7,	NULL,	'C42080',	'',	0,	1,	NULL,	NULL,	NULL,	NULL),
(1353,	11,	2,	7,	NULL,	'C42090',	'',	0,	1,	NULL,	NULL,	NULL,	NULL),
(1354,	11,	2,	7,	NULL,	'C42100',	'',	0,	1,	NULL,	NULL,	NULL,	NULL),
(1355,	11,	2,	7,	NULL,	'C42110',	'',	0,	1,	NULL,	NULL,	NULL,	NULL),
(1356,	11,	2,	7,	NULL,	'C42120',	'',	0,	1,	NULL,	NULL,	NULL,	NULL),
(1357,	11,	2,	7,	NULL,	'C42130',	'',	0,	1,	NULL,	NULL,	NULL,	NULL),
(1358,	11,	2,	7,	NULL,	'C42140',	'',	0,	1,	NULL,	NULL,	NULL,	NULL),
(1359,	11,	2,	7,	NULL,	'C42150',	'',	0,	1,	NULL,	NULL,	NULL,	NULL),
(1360,	11,	2,	7,	NULL,	'C42160',	'',	0,	1,	NULL,	NULL,	NULL,	NULL),
(1361,	11,	2,	7,	NULL,	'C42170',	'',	0,	1,	NULL,	NULL,	NULL,	NULL),
(1362,	11,	2,	7,	NULL,	'C42180',	'',	0,	1,	NULL,	NULL,	NULL,	NULL),
(1363,	11,	2,	7,	NULL,	'C42190',	'',	0,	1,	NULL,	NULL,	NULL,	NULL),
(1364,	11,	2,	7,	NULL,	'C42200',	'',	0,	1,	NULL,	NULL,	NULL,	NULL),
(1365,	11,	2,	7,	NULL,	'C42210',	'',	0,	1,	NULL,	NULL,	NULL,	NULL),
(1366,	11,	2,	7,	NULL,	'C42220',	'',	0,	1,	NULL,	NULL,	NULL,	NULL),
(1367,	11,	2,	7,	NULL,	'C42230',	'',	0,	1,	NULL,	NULL,	NULL,	NULL),
(1368,	11,	2,	7,	NULL,	'C42340',	'',	0,	1,	NULL,	NULL,	NULL,	NULL),
(1369,	11,	2,	7,	NULL,	'C42350',	'',	0,	1,	NULL,	NULL,	NULL,	NULL),
(1370,	11,	2,	7,	NULL,	'C42360',	'',	0,	1,	NULL,	NULL,	NULL,	NULL),
(1371,	11,	2,	7,	NULL,	'C42370',	'',	0,	1,	NULL,	NULL,	NULL,	NULL),
(1372,	11,	2,	7,	NULL,	'C42380',	'',	0,	1,	NULL,	NULL,	NULL,	NULL),
(1373,	11,	2,	7,	NULL,	'C42960',	'',	0,	1,	NULL,	NULL,	NULL,	NULL),
(1374,	11,	2,	7,	NULL,	'C60010',	'',	0,	1,	NULL,	NULL,	NULL,	NULL),
(1375,	11,	2,	7,	NULL,	'C60030',	'',	0,	1,	NULL,	NULL,	NULL,	NULL),
(1376,	11,	2,	7,	NULL,	'C60040',	'',	0,	1,	NULL,	NULL,	NULL,	NULL),
(1377,	11,	2,	7,	NULL,	'C60050',	'',	0,	1,	NULL,	NULL,	NULL,	NULL),
(1378,	11,	2,	7,	NULL,	'C60130',	'',	0,	1,	NULL,	NULL,	NULL,	NULL),
(1379,	11,	2,	7,	NULL,	'C60140',	'',	0,	1,	NULL,	NULL,	NULL,	NULL),
(1380,	11,	2,	7,	NULL,	'C60150',	'',	0,	1,	NULL,	NULL,	NULL,	NULL),
(1381,	11,	2,	7,	NULL,	'C60180',	'',	0,	1,	NULL,	NULL,	NULL,	NULL),
(1382,	11,	2,	7,	NULL,	'C60190',	'',	0,	1,	NULL,	NULL,	NULL,	NULL),
(1383,	11,	2,	7,	NULL,	'C60200',	'',	0,	1,	NULL,	NULL,	NULL,	NULL),
(1384,	11,	2,	7,	NULL,	'C60220',	'',	0,	1,	NULL,	NULL,	NULL,	NULL),
(1385,	11,	2,	7,	NULL,	'C60250',	'',	0,	1,	NULL,	NULL,	NULL,	NULL),
(1386,	11,	2,	7,	NULL,	'C60260',	'',	0,	1,	NULL,	NULL,	NULL,	NULL),
(1387,	11,	2,	7,	NULL,	'C60280',	'',	0,	1,	NULL,	NULL,	NULL,	NULL),
(1388,	11,	2,	7,	NULL,	'C60300',	'',	0,	1,	NULL,	NULL,	NULL,	NULL),
(1389,	11,	2,	7,	NULL,	'C60310',	'',	0,	1,	NULL,	NULL,	NULL,	NULL),
(1390,	11,	2,	7,	NULL,	'C60320',	'',	0,	1,	NULL,	NULL,	NULL,	NULL),
(1391,	11,	2,	7,	NULL,	'C60380',	'',	0,	1,	NULL,	NULL,	NULL,	NULL),
(1392,	11,	2,	7,	NULL,	'C60390',	'',	0,	1,	NULL,	NULL,	NULL,	NULL),
(1393,	11,	2,	7,	NULL,	'C61030',	'',	0,	1,	NULL,	NULL,	NULL,	NULL),
(1394,	11,	2,	7,	NULL,	'C61040',	'',	0,	1,	NULL,	NULL,	NULL,	NULL),
(1395,	11,	2,	7,	NULL,	'C62290',	'',	0,	1,	NULL,	NULL,	NULL,	NULL),
(1396,	11,	2,	7,	NULL,	'C62620',	'',	0,	1,	NULL,	NULL,	NULL,	NULL),
(1397,	11,	2,	7,	NULL,	'C62630',	'',	0,	1,	NULL,	NULL,	NULL,	NULL),
(1398,	11,	2,	7,	NULL,	'C68630',	'',	0,	1,	NULL,	NULL,	NULL,	NULL),
(1399,	11,	2,	7,	NULL,	'C69120',	'',	0,	1,	NULL,	NULL,	NULL,	NULL),
(1400,	11,	2,	7,	NULL,	'C69130',	'',	0,	1,	NULL,	NULL,	NULL,	NULL),
(1401,	11,	2,	7,	NULL,	'C42900 / C44290',	'',	0,	1,	NULL,	NULL,	NULL,	NULL),
(1402,	11,	2,	7,	NULL,	'C42910 / C44300',	'',	0,	1,	NULL,	NULL,	NULL,	NULL),
(1403,	11,	2,	7,	NULL,	'C42930 / C44320',	'',	0,	1,	NULL,	NULL,	NULL,	NULL),
(1404,	11,	2,	7,	NULL,	'C42940 / C44330',	'',	0,	1,	NULL,	NULL,	NULL,	NULL),
(1405,	11,	2,	7,	NULL,	'C42950 / C44340',	'',	0,	1,	NULL,	NULL,	NULL,	NULL),
(1406,	11,	2,	7,	NULL,	'C43000 / C44280',	'',	0,	1,	NULL,	NULL,	NULL,	NULL),
(1407,	11,	2,	7,	NULL,	'C68550 / C68610',	'',	0,	1,	NULL,	NULL,	NULL,	NULL),
(1408,	12,	2,	7,	NULL,	'C40440',	'',	0,	1,	NULL,	NULL,	NULL,	NULL),
(1409,	12,	2,	7,	NULL,	'C40490',	'',	0,	1,	NULL,	NULL,	NULL,	NULL),
(1410,	12,	2,	7,	NULL,	'C40510',	'',	0,	1,	NULL,	NULL,	NULL,	NULL),
(1411,	12,	2,	7,	NULL,	'C40960',	'',	0,	1,	NULL,	NULL,	NULL,	NULL),
(1412,	12,	2,	7,	NULL,	'C40980',	'',	0,	1,	NULL,	NULL,	NULL,	NULL),
(1413,	12,	2,	7,	NULL,	'C40990',	'',	0,	1,	NULL,	NULL,	NULL,	NULL),
(1414,	12,	2,	7,	NULL,	'C41010',	'',	0,	1,	NULL,	NULL,	NULL,	NULL),
(1415,	12,	2,	7,	NULL,	'C41020',	'',	0,	1,	NULL,	NULL,	NULL,	NULL),
(1416,	12,	2,	7,	NULL,	'C41110',	'',	0,	1,	NULL,	NULL,	NULL,	NULL),
(1417,	12,	2,	7,	NULL,	'C41140',	'',	0,	1,	NULL,	NULL,	NULL,	NULL),
(1418,	12,	2,	7,	NULL,	'C41150',	'',	0,	1,	NULL,	NULL,	NULL,	NULL),
(1419,	12,	2,	7,	NULL,	'C43420',	'',	0,	1,	NULL,	NULL,	NULL,	NULL),
(1420,	12,	2,	7,	NULL,	'C43430',	'',	0,	1,	NULL,	NULL,	NULL,	NULL),
(1421,	12,	2,	7,	NULL,	'C40430 / C42410',	'',	0,	1,	NULL,	NULL,	NULL,	NULL),
(1422,	12,	2,	7,	NULL,	'C40450 / C42430',	'',	0,	1,	NULL,	NULL,	NULL,	NULL),
(1423,	12,	2,	7,	NULL,	'C40460 / C43300',	'',	0,	1,	NULL,	NULL,	NULL,	NULL),
(1424,	12,	2,	7,	NULL,	'C40470 / C42420',	'',	0,	1,	NULL,	NULL,	NULL,	NULL),
(1425,	12,	2,	7,	NULL,	'C40500 / C42390',	'',	0,	1,	NULL,	NULL,	NULL,	NULL),
(1426,	12,	2,	7,	NULL,	'C40530 / C42440',	'',	0,	1,	NULL,	NULL,	NULL,	NULL),
(1427,	12,	2,	7,	NULL,	'C41000 / C42400 / C43080',	'',	0,	1,	NULL,	NULL,	NULL,	NULL),
(1428,	12,	2,	7,	NULL,	'C41030 / C42450 / C43870',	'',	0,	1,	NULL,	NULL,	NULL,	NULL),
(1429,	12,	2,	7,	NULL,	'C41040 / C42460 / C43890',	'',	0,	1,	NULL,	NULL,	NULL,	NULL),
(1430,	12,	2,	7,	NULL,	'C41080 / C41900',	'',	0,	1,	NULL,	NULL,	NULL,	NULL),
(1431,	12,	2,	7,	NULL,	'C41090 / C43280',	'',	0,	1,	NULL,	NULL,	NULL,	NULL),
(1432,	12,	2,	7,	NULL,	'C41100 / C43290',	'',	0,	1,	NULL,	NULL,	NULL,	NULL),
(1433,	12,	2,	7,	NULL,	'C41120 / C43230',	'',	0,	1,	NULL,	NULL,	NULL,	NULL),
(1434,	12,	2,	7,	NULL,	'C41130 / C43240',	'',	0,	1,	NULL,	NULL,	NULL,	NULL),
(1435,	12,	2,	7,	NULL,	'C41860 / C43270',	'',	0,	1,	NULL,	NULL,	NULL,	NULL),
(1436,	12,	2,	7,	NULL,	'C41870 / C44020',	'',	0,	1,	NULL,	NULL,	NULL,	NULL),
(1437,	12,	2,	7,	NULL,	'C43840 / C41890',	'',	0,	1,	NULL,	NULL,	NULL,	NULL),
(1438,	12,	2,	7,	NULL,	'C43210',	'',	0,	1,	NULL,	NULL,	NULL,	NULL),
(1439,	13,	2,	11,	NULL,	'C38020',	'',	0,	1,	NULL,	NULL,	NULL,	NULL),
(1440,	13,	2,	11,	NULL,	'C38030',	'',	0,	1,	NULL,	NULL,	NULL,	NULL),
(1441,	13,	2,	11,	NULL,	'C38040',	'',	0,	1,	NULL,	NULL,	NULL,	NULL),
(1442,	13,	2,	11,	NULL,	'C38050',	'',	0,	1,	NULL,	NULL,	NULL,	NULL),
(1443,	13,	2,	11,	NULL,	'C38060',	'',	0,	1,	NULL,	NULL,	NULL,	NULL),
(1444,	13,	2,	11,	NULL,	'C38070',	'',	0,	1,	NULL,	NULL,	NULL,	NULL),
(1445,	NULL,	3,	NULL,	NULL,	'H',	'Pallet Hijau',	0,	1,	NULL,	NULL,	NULL,	NULL),
(1446,	NULL,	3,	NULL,	NULL,	'PN',	'Pallet Pipa Normal',	0,	1,	NULL,	NULL,	NULL,	NULL),
(1447,	NULL,	3,	NULL,	NULL,	'PB',	'Pallet Pipa DB',	0,	1,	NULL,	NULL,	NULL,	NULL),
(1448,	NULL,	3,	NULL,	NULL,	'PT',	'Pallet Pipa TB',	0,	1,	NULL,	NULL,	NULL,	NULL);